customer_segment,article_id,product_name,product_type,product_group,color_group,style,occasion,target_audience,promotion_strategy,recommended_strategy,product_copy_angle,segment_copy_angle,avg_purchase_probability,avg_inventory_score,avg_segment_match_score,avg_campaign_score,customer_count,raw_campaign_score,campaign_score,purchase_probability,ranking_explanation,campaign_message
Engaged Budget Shoppers,610776020,Tilly (1),T-shirt,Garment Upper body,Black,elegant,work_or_outing,Ladieswear,Promote aggressively,"Deal-focused campaigns, bundle offers, personalized sale alerts",elegant and work_or_outing focused,"value-driven, timely, deal-oriented",0.9863574933333332,1.0,1.0,0.9931787466666666,3,0.9931787466666666,0.9773306344253008,0.9863574933333332,"Recommended for Engaged Budget Shoppers because it has an average purchase probability of 0.99, an inventory score of 1.00, a segment match score of 1.00, and a raw campaign score of 0.99.","Refresh your wardrobe with Tilly (1), a elegant T-shirt made for work_or_outing. Great style, smart value."
Engaged Budget Shoppers,554772031,Bob V-neck,T-shirt,Garment Upper body,Black,elegant,work_or_outing,Ladieswear,Promote aggressively,"Deal-focused campaigns, bundle offers, personalized sale alerts",elegant and work_or_outing focused,"value-driven, timely, deal-oriented",0.9862125,1.0,1.0,0.99310625,1,0.99310625,0.9764375276336872,0.9862125,"Recommended for Engaged Budget Shoppers because it has an average purchase probability of 0.99, an inventory score of 1.00, a segment match score of 1.00, and a raw campaign score of 0.99.","Refresh your wardrobe with Bob V-neck, a elegant T-shirt made for work_or_outing. Great style, smart value."
Engaged Budget Shoppers,778064001,Claudine t-shirt,T-shirt,Garment Upper body,Black,elegant,work_or_outing,Ladieswear,Promote aggressively,"Deal-focused campaigns, bundle offers, personalized sale alerts",elegant and work_or_outing focused,"value-driven, timely, deal-oriented",0.9848388388888888,1.0,1.0,0.9924194194444445,9,0.9924194194444445,0.967976269177816,0.9848388388888888,"Recommended for Engaged Budget Shoppers because it has an average purchase probability of 0.98, an inventory score of 1.00, a segment match score of 1.00, and a raw campaign score of 0.99.","Refresh your wardrobe with Claudine t-shirt, a elegant T-shirt made for work_or_outing. Great style, smart value."
Engaged Budget Shoppers,629420020,Claudine (1),T-shirt,Garment Upper body,Black,elegant,work_or_outing,Ladieswear,Promote aggressively,"Deal-focused campaigns, bundle offers, personalized sale alerts",elegant and work_or_outing focused,"value-driven, timely, deal-oriented",0.9848172,1.0,1.0,0.9924086,1,0.9924086,0.9678429814039216,0.9848172,"Recommended for Engaged Budget Shoppers because it has an average purchase probability of 0.98, an inventory score of 1.00, a segment match score of 1.00, and a raw campaign score of 0.99.","Refresh your wardrobe with Claudine (1), a elegant T-shirt made for work_or_outing. Great style, smart value."
Engaged Budget Shoppers,865076001,Hazel,T-shirt,Garment Upper body,Black,elegant,work_or_outing,Ladieswear,Promote aggressively,"Deal-focused campaigns, bundle offers, personalized sale alerts",elegant and work_or_outing focused,"value-driven, timely, deal-oriented",0.9845197766666668,1.0,1.0,0.9922598883333332,3,0.9922598883333332,0.9660109606283585,0.9845197766666668,"Recommended for Engaged Budget Shoppers because it has an average purchase probability of 0.98, an inventory score of 1.00, a segment match score of 1.00, and a raw campaign score of 0.99.","Refresh your wardrobe with Hazel, a elegant T-shirt made for work_or_outing. Great style, smart value."
Engaged Budget Shoppers,778064026,Claudine,T-shirt,Garment Upper body,Black,elegant,work_or_outing,Ladieswear,Promote aggressively,"Deal-focused campaigns, bundle offers, personalized sale alerts",elegant and work_or_outing focused,"value-driven, timely, deal-oriented",0.9842085,1.0,1.0,0.99210425,1,0.99210425,0.9640936083013224,0.9842085,"Recommended for Engaged Budget Shoppers because it has an average purchase probability of 0.98, an inventory score of 1.00, a segment match score of 1.00, and a raw campaign score of 0.99.","Refresh your wardrobe with Claudine, a elegant T-shirt made for work_or_outing. Great style, smart value."
Engaged Budget Shoppers,742400033,1pk Sportsock,Socks,Socks & Tights,White,sporty,workout,Menswear,Promote aggressively,"Deal-focused campaigns, bundle offers, personalized sale alerts",sporty and workout focused,"value-driven, timely, deal-oriented",0.98241526,1.0,1.0,0.99120763,1,0.99120763,0.9530478947765876,0.98241526,"Recommended for Engaged Budget Shoppers because it has an average purchase probability of 0.98, an inventory score of 1.00, a segment match score of 1.00, and a raw campaign score of 0.99.","Refresh your wardrobe with 1pk Sportsock, a sporty Socks made for workout. Great style, smart value."
Engaged Budget Shoppers,636587001,Ronny R-Neck,T-shirt,Garment Upper body,Black,elegant,work_or_outing,Menswear,Promote aggressively,"Deal-focused campaigns, bundle offers, personalized sale alerts",elegant and work_or_outing focused,"value-driven, timely, deal-oriented",0.98203444,1.0,1.0,0.99101722,1,0.99101722,0.9507021805250156,0.98203444,"Recommended for Engaged Budget Shoppers because it has an average purchase probability of 0.98, an inventory score of 1.00, a segment match score of 1.00, and a raw campaign score of 0.99.","Refresh your wardrobe with Ronny R-Neck, a elegant T-shirt made for work_or_outing. Great style, smart value."
Engaged Budget Shoppers,778064005,Claudine,T-shirt,Garment Upper body,White,elegant,work_or_outing,Ladieswear,Promote aggressively,"Deal-focused campaigns, bundle offers, personalized sale alerts",elegant and work_or_outing focused,"value-driven, timely, deal-oriented",0.9816636225,1.0,1.0,0.99083181125,4,0.99083181125,0.9484180780763976,0.9816636225,"Recommended for Engaged Budget Shoppers because it has an average purchase probability of 0.98, an inventory score of 1.00, a segment match score of 1.00, and a raw campaign score of 0.99.","Refresh your wardrobe with Claudine, a elegant T-shirt made for work_or_outing. Great style, smart value."
Engaged Budget Shoppers,561445025,Billie.,T-shirt,Garment Upper body,Black,elegant,work_or_outing,Ladieswear,Promote aggressively,"Deal-focused campaigns, bundle offers, personalized sale alerts",elegant and work_or_outing focused,"value-driven, timely, deal-oriented",0.9816016,1.0,1.0,0.9908008,1,0.9908008,0.948036041780593,0.9816016,"Recommended for Engaged Budget Shoppers because it has an average purchase probability of 0.98, an inventory score of 1.00, a segment match score of 1.00, and a raw campaign score of 0.99.","Refresh your wardrobe with Billie., a elegant T-shirt made for work_or_outing. Great style, smart value."
Engaged Budget Shoppers,759807007,Cilla tube top,T-shirt,Garment Upper body,Black,elegant,work_or_outing,Divided,Promote aggressively,"Deal-focused campaigns, bundle offers, personalized sale alerts",elegant and work_or_outing focused,"value-driven, timely, deal-oriented",0.980918795,1.0,1.0,0.9904593975,2,0.9904593975,0.9438302085272332,0.980918795,"Recommended for Engaged Budget Shoppers because it has an average purchase probability of 0.98, an inventory score of 1.00, a segment match score of 1.00, and a raw campaign score of 0.99.","Refresh your wardrobe with Cilla tube top, a elegant T-shirt made for work_or_outing. Great style, smart value."
Engaged Budget Shoppers,718278001,Bird tee,T-shirt,Garment Upper body,Black,elegant,work_or_outing,Divided,Promote aggressively,"Deal-focused campaigns, bundle offers, personalized sale alerts",elegant and work_or_outing focused,"value-driven, timely, deal-oriented",0.98051306,1.0,1.0,0.99025653,7,0.99025653,0.9413310268354588,0.98051306,"Recommended for Engaged Budget Shoppers because it has an average purchase probability of 0.98, an inventory score of 1.00, a segment match score of 1.00, and a raw campaign score of 0.99.","Refresh your wardrobe with Bird tee, a elegant T-shirt made for work_or_outing. Great style, smart value."
Engaged Budget Shoppers,717490002,Cat Tee.,T-shirt,Garment Upper body,White,elegant,work_or_outing,Divided,Promote aggressively,"Deal-focused campaigns, bundle offers, personalized sale alerts",elegant and work_or_outing focused,"value-driven, timely, deal-oriented",0.9804437,1.0,1.0,0.99022185,1,0.99022185,0.9409037941783258,0.9804437,"Recommended for Engaged Budget Shoppers because it has an average purchase probability of 0.98, an inventory score of 1.00, a segment match score of 1.00, and a raw campaign score of 0.99.","Refresh your wardrobe with Cat Tee., a elegant T-shirt made for work_or_outing. Great style, smart value."
Engaged Budget Shoppers,887659010,Carla top,T-shirt,Garment Upper body,White,elegant,work_or_outing,Divided,Promote aggressively,"Deal-focused campaigns, bundle offers, personalized sale alerts",elegant and work_or_outing focused,"value-driven, timely, deal-oriented",0.9803027,1.0,1.0,0.99015135,2,0.99015135,0.9400352848839832,0.9803027,"Recommended for Engaged Budget Shoppers because it has an average purchase probability of 0.98, an inventory score of 1.00, a segment match score of 1.00, and a raw campaign score of 0.99.","Refresh your wardrobe with Carla top, a elegant T-shirt made for work_or_outing. Great style, smart value."
Engaged Budget Shoppers,864668002,Cat cotton tee,T-shirt,Garment Upper body,White,elegant,work_or_outing,Divided,Promote aggressively,"Deal-focused campaigns, bundle offers, personalized sale alerts",elegant and work_or_outing focused,"value-driven, timely, deal-oriented",0.9801864,1.0,1.0,0.9900932,1,0.9900932,0.93931891870716,0.9801864,"Recommended for Engaged Budget Shoppers because it has an average purchase probability of 0.98, an inventory score of 1.00, a segment match score of 1.00, and a raw campaign score of 0.99.","Refresh your wardrobe with Cat cotton tee, a elegant T-shirt made for work_or_outing. Great style, smart value."
Engaged Budget Shoppers,864668001,Cat cotton tee,T-shirt,Garment Upper body,Black,elegant,work_or_outing,Divided,Promote aggressively,"Deal-focused campaigns, bundle offers, personalized sale alerts",elegant and work_or_outing focused,"value-driven, timely, deal-oriented",0.980057,1.0,1.0,0.9900285,1,0.9900285,0.9385218612412876,0.980057,"Recommended for Engaged Budget Shoppers because it has an average purchase probability of 0.98, an inventory score of 1.00, a segment match score of 1.00, and a raw campaign score of 0.99.","Refresh your wardrobe with Cat cotton tee, a elegant T-shirt made for work_or_outing. Great style, smart value."
Engaged Budget Shoppers,622600002,California King Tanga,Swimwear bottom,Swimwear,Black,everyday,vacation,Ladieswear,Promote aggressively,"Deal-focused campaigns, bundle offers, personalized sale alerts",everyday and vacation focused,"value-driven, timely, deal-oriented",0.98003938,1.0,1.0,0.99001969,3,0.99001969,0.938413328377697,0.98003938,"Recommended for Engaged Budget Shoppers because it has an average purchase probability of 0.98, an inventory score of 1.00, a segment match score of 1.00, and a raw campaign score of 0.99.","Refresh your wardrobe with California King Tanga, a everyday Swimwear bottom made for vacation. Great style, smart value."
Engaged Budget Shoppers,561445006,Billie,T-shirt,Garment Upper body,White,elegant,work_or_outing,Ladieswear,Promote aggressively,"Deal-focused campaigns, bundle offers, personalized sale alerts",elegant and work_or_outing focused,"value-driven, timely, deal-oriented",0.97887748,1.0,1.0,0.98943874,3,0.98943874,0.9312564422138888,0.97887748,"Recommended for Engaged Budget Shoppers because it has an average purchase probability of 0.98, an inventory score of 1.00, a segment match score of 1.00, and a raw campaign score of 0.99.","Refresh your wardrobe with Billie, a elegant T-shirt made for work_or_outing. Great style, smart value."
Engaged Budget Shoppers,620963004,Papi Chulo Top,Bikini top,Swimwear,White,everyday,vacation,Ladieswear,Promote aggressively,"Deal-focused campaigns, bundle offers, personalized sale alerts",everyday and vacation focused,"value-driven, timely, deal-oriented",0.97858286,1.0,1.0,0.98929143,1,0.98929143,0.9294416889635374,0.97858286,"Recommended for Engaged Budget Shoppers because it has an average purchase probability of 0.98, an inventory score of 1.00, a segment match score of 1.00, and a raw campaign score of 0.99.","Refresh your wardrobe with Papi Chulo Top, a everyday Bikini top made for vacation. Great style, smart value."
Engaged Budget Shoppers,742925004,C Montauk Bandeau,Bikini top,Swimwear,Black,everyday,vacation,Ladieswear,Promote aggressively,"Deal-focused campaigns, bundle offers, personalized sale alerts",everyday and vacation focused,"value-driven, timely, deal-oriented",0.9781611,1.0,1.0,0.98908055,1,0.98908055,0.926843799034586,0.9781611,"Recommended for Engaged Budget Shoppers because it has an average purchase probability of 0.98, an inventory score of 1.00, a segment match score of 1.00, and a raw campaign score of 0.99.","Refresh your wardrobe with C Montauk Bandeau, a everyday Bikini top made for vacation. Great style, smart value."
High-Value One-Time Buyers,784279001,Shallow coat,Coat,Garment Upper body,Black,everyday,daily_wear,Ladieswear,Promote aggressively,Reactivation campaigns with premium positioning,everyday and daily_wear focused,"quality, exclusivity, worth coming back for",0.99005365,1.0,0.9,0.970026825,1,0.970026825,0.6921156110295507,0.99005365,"Recommended for High-Value One-Time Buyers because it has an average purchase probability of 0.99, an inventory score of 1.00, a segment match score of 0.90, and a raw campaign score of 0.97.","Elevate your look with Shallow coat, a carefully selected Coat designed for daily_wear and confident everyday style."
High-Value One-Time Buyers,699283001,Otto,Jacket,Garment Upper body,Black,streetwear,daily_wear,Ladieswear,Promote aggressively,Reactivation campaigns with premium positioning,streetwear and daily_wear focused,"quality, exclusivity, worth coming back for",0.98759776,1.0,0.9,0.96879888,1,0.96879888,0.6769882118034218,0.98759776,"Recommended for High-Value One-Time Buyers because it has an average purchase probability of 0.99, an inventory score of 1.00, a segment match score of 0.90, and a raw campaign score of 0.97.","Elevate your look with Otto, a carefully selected Jacket designed for daily_wear and confident everyday style."
High-Value One-Time Buyers,794421002,ED Astoria real,Jacket,Garment Upper body,Black,streetwear,daily_wear,Ladieswear,Promote aggressively,Reactivation campaigns with premium positioning,streetwear and daily_wear focused,"quality, exclusivity, worth coming back for",0.9871315,1.0,0.9,0.96856575,1,0.96856575,0.674116217877321,0.9871315,"Recommended for High-Value One-Time Buyers because it has an average purchase probability of 0.99, an inventory score of 1.00, a segment match score of 0.90, and a raw campaign score of 0.97.","Elevate your look with ED Astoria real, a carefully selected Jacket designed for daily_wear and confident everyday style."
High-Value One-Time Buyers,881111005,Shaping Skinny HW,Trousers,Garment Lower body,Blue,streetwear,daily_wear,Divided,Promote aggressively,Reactivation campaigns with premium positioning,streetwear and daily_wear focused,"quality, exclusivity, worth coming back for",0.98711526,1.0,0.9,0.96855763,1,0.96855763,0.6740161853174613,0.98711526,"Recommended for High-Value One-Time Buyers because it has an average purchase probability of 0.99, an inventory score of 1.00, a segment match score of 0.90, and a raw campaign score of 0.97.","Elevate your look with Shaping Skinny HW, a carefully selected Trousers designed for daily_wear and confident everyday style."
High-Value One-Time Buyers,787148001,Oscar Biker,Jacket,Garment Upper body,Black,streetwear,daily_wear,Ladieswear,Promote aggressively,Reactivation campaigns with premium positioning,streetwear and daily_wear focused,"quality, exclusivity, worth coming back for",0.9870734,1.0,0.9,0.9685367,1,0.9685367,0.6737583427709276,0.9870734,"Recommended for High-Value One-Time Buyers because it has an average purchase probability of 0.99, an inventory score of 1.00, a segment match score of 0.90, and a raw campaign score of 0.97.","Elevate your look with Oscar Biker, a carefully selected Jacket designed for daily_wear and confident everyday style."
High-Value One-Time Buyers,798691001,Marc fur coat,Coat,Garment Upper body,Beige,everyday,daily_wear,Ladieswear,Promote aggressively,Reactivation campaigns with premium positioning,everyday and daily_wear focused,"quality, exclusivity, worth coming back for",0.98679954,1.0,0.9,0.96839977,1,0.96839977,0.6720714636549798,0.98679954,"Recommended for High-Value One-Time Buyers because it has an average purchase probability of 0.99, an inventory score of 1.00, a segment match score of 0.90, and a raw campaign score of 0.97.","Elevate your look with Marc fur coat, a carefully selected Coat designed for daily_wear and confident everyday style."
High-Value One-Time Buyers,661435002,Shaping Bootcut,Trousers,Garment Lower body,Dark Blue,streetwear,daily_wear,Divided,Promote aggressively,Reactivation campaigns with premium positioning,streetwear and daily_wear focused,"quality, exclusivity, worth coming back for",0.9867389,1.0,0.9,0.96836945,1,0.96836945,0.6716979430620081,0.9867389,"Recommended for High-Value One-Time Buyers because it has an average purchase probability of 0.99, an inventory score of 1.00, a segment match score of 0.90, and a raw campaign score of 0.97.","Elevate your look with Shaping Bootcut, a carefully selected Trousers designed for daily_wear and confident everyday style."
High-Value One-Time Buyers,642548002,Siri jumper,Sweater,Garment Upper body,Grey,everyday,daily_wear,Ladieswear,Promote aggressively,Reactivation campaigns with premium positioning,everyday and daily_wear focused,"quality, exclusivity, worth coming back for",0.9865674,1.0,0.9,0.9682837,1,0.9682837,0.6706415647359102,0.9865674,"Recommended for High-Value One-Time Buyers because it has an average purchase probability of 0.99, an inventory score of 1.00, a segment match score of 0.90, and a raw campaign score of 0.97.","Elevate your look with Siri jumper, a carefully selected Sweater designed for daily_wear and confident everyday style."
High-Value One-Time Buyers,732690001,W Twix Coat S CNY,Coat,Garment Upper body,Black,everyday,daily_wear,Ladieswear,Promote aggressively,Reactivation campaigns with premium positioning,everyday and daily_wear focused,"quality, exclusivity, worth coming back for",0.98651797,1.0,0.9,0.968258985,1,0.968258985,0.6703370937116593,0.98651797,"Recommended for High-Value One-Time Buyers because it has an average purchase probability of 0.99, an inventory score of 1.00, a segment match score of 0.90, and a raw campaign score of 0.97.","Elevate your look with W Twix Coat S CNY, a carefully selected Coat designed for daily_wear and confident everyday style."
High-Value One-Time Buyers,881112001,Shaping Skinny RW,Trousers,Garment Lower body,Black,streetwear,daily_wear,Divided,Promote aggressively,Reactivation campaigns with premium positioning,streetwear and daily_wear focused,"quality, exclusivity, worth coming back for",0.98637295,1.0,0.9,0.968186475,1,0.968186475,0.6694438226629673,0.98637295,"Recommended for High-Value One-Time Buyers because it has an average purchase probability of 0.99, an inventory score of 1.00, a segment match score of 0.90, and a raw campaign score of 0.97.","Elevate your look with Shaping Skinny RW, a carefully selected Trousers designed for daily_wear and confident everyday style."
High-Value One-Time Buyers,731160012,Shaping Skinny R.W,Trousers,Garment Lower body,Dark Blue,streetwear,daily_wear,Divided,Promote aggressively,Reactivation campaigns with premium positioning,streetwear and daily_wear focused,"quality, exclusivity, worth coming back for",0.986089885,1.0,0.9,0.9680449425,2,0.9680449425,0.6677002440572704,0.986089885,"Recommended for High-Value One-Time Buyers because it has an average purchase probability of 0.99, an inventory score of 1.00, a segment match score of 0.90, and a raw campaign score of 0.97.","Elevate your look with Shaping Skinny R.W, a carefully selected Trousers designed for daily_wear and confident everyday style."
High-Value One-Time Buyers,716384002,Alm Trench,Coat,Garment Upper body,Red,everyday,daily_wear,Ladieswear,Promote aggressively,Reactivation campaigns with premium positioning,everyday and daily_wear focused,"quality, exclusivity, worth coming back for",0.98608494,1.0,0.9,0.96804247,1,0.96804247,0.6676697846355649,0.98608494,"Recommended for High-Value One-Time Buyers because it has an average purchase probability of 0.99, an inventory score of 1.00, a segment match score of 0.90, and a raw campaign score of 0.97.","Elevate your look with Alm Trench, a carefully selected Coat designed for daily_wear and confident everyday style."
High-Value One-Time Buyers,683035001,PE HOUSTON BLAZER,Blazer,Garment Upper body,Yellowish Brown,streetwear,daily_wear,Ladieswear,Promote aggressively,Reactivation campaigns with premium positioning,streetwear and daily_wear focused,"quality, exclusivity, worth coming back for",0.9857691,1.0,0.9,0.96788455,1,0.96788455,0.6657243238162363,0.9857691,"Recommended for High-Value One-Time Buyers because it has an average purchase probability of 0.99, an inventory score of 1.00, a segment match score of 0.90, and a raw campaign score of 0.97.","Elevate your look with PE HOUSTON BLAZER, a carefully selected Blazer designed for daily_wear and confident everyday style."
High-Value One-Time Buyers,747246002,SC ARMSTRONG jacket,Jacket,Garment Upper body,Light Beige,streetwear,daily_wear,Ladieswear,Promote aggressively,Reactivation campaigns with premium positioning,streetwear and daily_wear focused,"quality, exclusivity, worth coming back for",0.9855085,1.0,0.9,0.96775425,1,0.96775425,0.6641191215317979,0.9855085,"Recommended for High-Value One-Time Buyers because it has an average purchase probability of 0.99, an inventory score of 1.00, a segment match score of 0.90, and a raw campaign score of 0.97.","Elevate your look with SC ARMSTRONG jacket, a carefully selected Jacket designed for daily_wear and confident everyday style."
High-Value One-Time Buyers,774953001,Pitbull coat,Coat,Garment Upper body,Black,everyday,daily_wear,Ladieswear,Promote aggressively,Reactivation campaigns with premium positioning,everyday and daily_wear focused,"quality, exclusivity, worth coming back for",0.985193728,1.0,0.9,0.967596864,5,0.967596864,0.6621802392084034,0.985193728,"Recommended for High-Value One-Time Buyers because it has an average purchase probability of 0.99, an inventory score of 1.00, a segment match score of 0.90, and a raw campaign score of 0.97.","Elevate your look with Pitbull coat, a carefully selected Coat designed for daily_wear and confident everyday style."
High-Value One-Time Buyers,771762006,PQ CORA CASH SL TOP,Sweater,Garment Upper body,Dark Green,everyday,daily_wear,Ladieswear,Promote aggressively,Reactivation campaigns with premium positioning,everyday and daily_wear focused,"quality, exclusivity, worth coming back for",0.9849482,1.0,0.9,0.9674741,1,0.9674741,0.6606678750238529,0.9849482,"Recommended for High-Value One-Time Buyers because it has an average purchase probability of 0.98, an inventory score of 1.00, a segment match score of 0.90, and a raw campaign score of 0.97.","Elevate your look with PQ CORA CASH SL TOP, a carefully selected Sweater designed for daily_wear and confident everyday style."
High-Value One-Time Buyers,784021003,Premium CLARA sh/slv turtle,Sweater,Garment Upper body,Dark Beige,everyday,daily_wear,Ladieswear,Promote aggressively,Reactivation campaigns with premium positioning,everyday and daily_wear focused,"quality, exclusivity, worth coming back for",0.9849438,1.0,0.9,0.9674719,1,0.9674719,0.6606407726061563,0.9849438,"Recommended for High-Value One-Time Buyers because it has an average purchase probability of 0.98, an inventory score of 1.00, a segment match score of 0.90, and a raw campaign score of 0.97.","Elevate your look with Premium CLARA sh/slv turtle, a carefully selected Sweater designed for daily_wear and confident everyday style."
High-Value One-Time Buyers,786978003,Premium MARTHA cashmere sweate,Sweater,Garment Upper body,Dark Beige,everyday,daily_wear,Ladieswear,Promote aggressively,Reactivation campaigns with premium positioning,everyday and daily_wear focused,"quality, exclusivity, worth coming back for",0.9849274,1.0,0.9,0.9674637,1,0.9674637,0.6605397545038367,0.9849274,"Recommended for High-Value One-Time Buyers because it has an average purchase probability of 0.98, an inventory score of 1.00, a segment match score of 0.90, and a raw campaign score of 0.97.","Elevate your look with Premium MARTHA cashmere sweate, a carefully selected Sweater designed for daily_wear and confident everyday style."
High-Value One-Time Buyers,653114001,&DENIM Skinny shaping HW.,Trousers,Garment Lower body,Black,streetwear,daily_wear,Ladieswear,Promote aggressively,Reactivation campaigns with premium positioning,streetwear and daily_wear focused,"quality, exclusivity, worth coming back for",0.98490244,1.0,0.9,0.96745122,1,0.96745122,0.6603860098798158,0.98490244,"Recommended for High-Value One-Time Buyers because it has an average purchase probability of 0.98, an inventory score of 1.00, a segment match score of 0.90, and a raw campaign score of 0.97.","Elevate your look with &DENIM Skinny shaping HW., a carefully selected Trousers designed for daily_wear and confident everyday style."
High-Value One-Time Buyers,802557001,PQ HARRY ALPACA HOODIE,Sweater,Garment Upper body,Black,casual,daily_wear,Ladieswear,Promote aggressively,Reactivation campaigns with premium positioning,casual and daily_wear focused,"quality, exclusivity, worth coming back for",0.9848942,1.0,0.9,0.9674471,1,0.9674471,0.6603352544430406,0.9848942,"Recommended for High-Value One-Time Buyers because it has an average purchase probability of 0.98, an inventory score of 1.00, a segment match score of 0.90, and a raw campaign score of 0.97.","Elevate your look with PQ HARRY ALPACA HOODIE, a carefully selected Sweater designed for daily_wear and confident everyday style."
Inactive Budget Shoppers,807244003,1p Short Socks,Socks,Socks & Tights,Black,everyday,daily_wear,Ladieswear,Promote aggressively,"Win-back discounts, simple value offers, clearance promotions",everyday and daily_wear focused,"affordable, practical, low-commitment",0.9900378,1.0,1.0,0.9950189,1,0.9950189,1.0,0.9900378,"Recommended for Inactive Budget Shoppers because it has an average purchase probability of 0.99, an inventory score of 1.00, a segment match score of 1.00, and a raw campaign score of 1.00.","Refresh your wardrobe with 1p Short Socks, a everyday Socks made for daily_wear. Great style, smart value."
Inactive Budget Shoppers,877961023,1p Shaftless,Socks,Socks & Tights,Black,everyday,daily_wear,Ladieswear,Promote aggressively,"Win-back discounts, simple value offers, clearance promotions",everyday and daily_wear focused,"affordable, practical, low-commitment",0.9889579,1.0,1.0,0.99447895,1,0.99447895,0.9933482043477936,0.9889579,"Recommended for Inactive Budget Shoppers because it has an average purchase probability of 0.99, an inventory score of 1.00, a segment match score of 1.00, and a raw campaign score of 0.99.","Refresh your wardrobe with 1p Shaftless, a everyday Socks made for daily_wear. Great style, smart value."
Inactive Budget Shoppers,720137005,Cornelia Thong LP,Underwear bottom,Underwear,Red,everyday,daily_wear,Ladieswear,Promote aggressively,"Win-back discounts, simple value offers, clearance promotions",everyday and daily_wear focused,"affordable, practical, low-commitment",0.98882395,1.0,1.0,0.994411975,5,0.994411975,0.9925231205181684,0.98882395,"Recommended for Inactive Budget Shoppers because it has an average purchase probability of 0.99, an inventory score of 1.00, a segment match score of 1.00, and a raw campaign score of 0.99.","Refresh your wardrobe with Cornelia Thong LP, a everyday Underwear bottom made for daily_wear. Great style, smart value."
Inactive Budget Shoppers,762656002,Small basic scrunchie,Hair ties,Accessories,Light Pink,everyday,daily_wear,Ladieswear,Promote aggressively,"Win-back discounts, simple value offers, clearance promotions",everyday and daily_wear focused,"affordable, practical, low-commitment",0.988688735,1.0,1.0,0.9943443675,4,0.9943443675,0.9916902447434548,0.988688735,"Recommended for Inactive Budget Shoppers because it has an average purchase probability of 0.99, an inventory score of 1.00, a segment match score of 1.00, and a raw campaign score of 0.99.","Refresh your wardrobe with Small basic scrunchie, a everyday Hair ties made for daily_wear. Great style, smart value."
Inactive Budget Shoppers,667411024,1 pk Fun,Socks,Socks & Tights,Orange,everyday,daily_wear,Menswear,Promote aggressively,"Win-back discounts, simple value offers, clearance promotions",everyday and daily_wear focused,"affordable, practical, low-commitment",0.9875975,1.0,1.0,0.99379875,1,0.99379875,0.9849686295674814,0.9875975,"Recommended for Inactive Budget Shoppers because it has an average purchase probability of 0.99, an inventory score of 1.00, a segment match score of 1.00, and a raw campaign score of 0.99.","Refresh your wardrobe with 1 pk Fun, a everyday Socks made for daily_wear. Great style, smart value."
Inactive Budget Shoppers,807241030,1p Fun Socks,Socks,Socks & Tights,White,everyday,daily_wear,Ladieswear,Promote aggressively,"Win-back discounts, simple value offers, clearance promotions",everyday and daily_wear focused,"affordable, practical, low-commitment",0.98722875,1.0,1.0,0.993614375,1,0.993614375,0.9826972621753596,0.98722875,"Recommended for Inactive Budget Shoppers because it has an average purchase probability of 0.99, an inventory score of 1.00, a segment match score of 1.00, and a raw campaign score of 0.99.","Refresh your wardrobe with 1p Fun Socks, a everyday Socks made for daily_wear. Great style, smart value."
Inactive Budget Shoppers,720137001,Cornelia Thong LP,Underwear bottom,Underwear,Black,everyday,daily_wear,Ladieswear,Promote aggressively,"Win-back discounts, simple value offers, clearance promotions",everyday and daily_wear focused,"affordable, practical, low-commitment",0.9871683914285716,1.0,1.0,0.9935841957142858,7,0.9935841957142858,0.9823254750811842,0.9871683914285716,"Recommended for Inactive Budget Shoppers because it has an average purchase probability of 0.99, an inventory score of 1.00, a segment match score of 1.00, and a raw campaign score of 0.99.","Refresh your wardrobe with Cornelia Thong LP, a everyday Underwear bottom made for daily_wear. Great style, smart value."
Inactive Budget Shoppers,554772031,Bob V-neck,T-shirt,Garment Upper body,Black,elegant,work_or_outing,Ladieswear,Promote aggressively,"Win-back discounts, simple value offers, clearance promotions",elegant and work_or_outing focused,"affordable, practical, low-commitment",0.98630816,1.0,1.0,0.99315408,1,0.99315408,0.9770267588329552,0.98630816,"Recommended for Inactive Budget Shoppers because it has an average purchase probability of 0.99, an inventory score of 1.00, a segment match score of 1.00, and a raw campaign score of 0.99.","Refresh your wardrobe with Bob V-neck, a elegant T-shirt made for work_or_outing. Great style, smart value."
Inactive Budget Shoppers,701134018,1pk XMAS,Socks,Socks & Tights,Grey,everyday,daily_wear,Menswear,Promote aggressively,"Win-back discounts, simple value offers, clearance promotions",everyday and daily_wear focused,"affordable, practical, low-commitment",0.9861077,1.0,1.0,0.99305385,1,0.99305385,0.9757919973212952,0.9861077,"Recommended for Inactive Budget Shoppers because it has an average purchase probability of 0.99, an inventory score of 1.00, a segment match score of 1.00, and a raw campaign score of 0.99.","Refresh your wardrobe with 1pk XMAS, a everyday Socks made for daily_wear. Great style, smart value."
Inactive Budget Shoppers,877961014,1p Shaftless,Socks,Socks & Tights,Light Grey,everyday,daily_wear,Ladieswear,Promote aggressively,"Win-back discounts, simple value offers, clearance promotions",everyday and daily_wear focused,"affordable, practical, low-commitment",0.9856023,1.0,1.0,0.99280115,1,0.99280115,0.9726789150705084,0.9856023,"Recommended for Inactive Budget Shoppers because it has an average purchase probability of 0.99, an inventory score of 1.00, a segment match score of 1.00, and a raw campaign score of 0.99.","Refresh your wardrobe with 1p Shaftless, a everyday Socks made for daily_wear. Great style, smart value."
Inactive Budget Shoppers,783707159,1pk Fun,Socks,Socks & Tights,Dark Orange,everyday,daily_wear,Menswear,Promote aggressively,"Win-back discounts, simple value offers, clearance promotions",everyday and daily_wear focused,"affordable, practical, low-commitment",0.98559546,1.0,1.0,0.99279773,1,0.99279773,0.9726367831302712,0.98559546,"Recommended for Inactive Budget Shoppers because it has an average purchase probability of 0.99, an inventory score of 1.00, a segment match score of 1.00, and a raw campaign score of 0.99.","Refresh your wardrobe with 1pk Fun, a everyday Socks made for daily_wear. Great style, smart value."
Inactive Budget Shoppers,662593002,Haze Polo,Top,Garment Upper body,Black,everyday,daily_wear,Divided,Promote aggressively,"Win-back discounts, simple value offers, clearance promotions",everyday and daily_wear focused,"affordable, practical, low-commitment",0.98556005,1.0,1.0,0.992780025,2,0.992780025,0.9724186702642256,0.98556005,"Recommended for Inactive Budget Shoppers because it has an average purchase probability of 0.99, an inventory score of 1.00, a segment match score of 1.00, and a raw campaign score of 0.99.","Refresh your wardrobe with Haze Polo, a everyday Top made for daily_wear. Great style, smart value."
Inactive Budget Shoppers,783707036,1pk Fun 1,Socks,Socks & Tights,Dark Purple,everyday,daily_wear,Menswear,Promote aggressively,"Win-back discounts, simple value offers, clearance promotions",everyday and daily_wear focused,"affordable, practical, low-commitment",0.98542772,1.0,1.0,0.99271386,2,0.99271386,0.971603565052024,0.98542772,"Recommended for Inactive Budget Shoppers because it has an average purchase probability of 0.99, an inventory score of 1.00, a segment match score of 1.00, and a raw campaign score of 0.99.","Refresh your wardrobe with 1pk Fun 1, a everyday Socks made for daily_wear. Great style, smart value."
Inactive Budget Shoppers,728162001,Talia (1),T-shirt,Garment Upper body,Black,elegant,work_or_outing,Ladieswear,Promote aggressively,"Win-back discounts, simple value offers, clearance promotions",elegant and work_or_outing focused,"affordable, practical, low-commitment",0.9853168245454544,1.0,1.0,0.9926584122727272,11,0.9926584122727272,0.9709204889316472,0.9853168245454544,"Recommended for Inactive Budget Shoppers because it has an average purchase probability of 0.99, an inventory score of 1.00, a segment match score of 1.00, and a raw campaign score of 0.99.","Refresh your wardrobe with Talia (1), a elegant T-shirt made for work_or_outing. Great style, smart value."
Inactive Budget Shoppers,783707057,1pk Fun 1,Socks,Socks & Tights,Dark Blue,everyday,daily_wear,Menswear,Promote aggressively,"Win-back discounts, simple value offers, clearance promotions",everyday and daily_wear focused,"affordable, practical, low-commitment",0.98527366,1.0,1.0,0.99263683,1,0.99263683,0.9706546108542472,0.98527366,"Recommended for Inactive Budget Shoppers because it has an average purchase probability of 0.99, an inventory score of 1.00, a segment match score of 1.00, and a raw campaign score of 0.99.","Refresh your wardrobe with 1pk Fun 1, a everyday Socks made for daily_wear. Great style, smart value."
Inactive Budget Shoppers,610776020,Tilly (1),T-shirt,Garment Upper body,Black,elegant,work_or_outing,Ladieswear,Promote aggressively,"Win-back discounts, simple value offers, clearance promotions",elegant and work_or_outing focused,"affordable, practical, low-commitment",0.9852262971428573,1.0,1.0,0.9926131485714286,7,0.9926131485714286,0.9703628726866212,0.9852262971428573,"Recommended for Inactive Budget Shoppers because it has an average purchase probability of 0.99, an inventory score of 1.00, a segment match score of 1.00, and a raw campaign score of 0.99.","Refresh your wardrobe with Tilly (1), a elegant T-shirt made for work_or_outing. Great style, smart value."
Inactive Budget Shoppers,778064004,Claudine,T-shirt,Garment Upper body,Black,elegant,work_or_outing,Ladieswear,Promote aggressively,"Win-back discounts, simple value offers, clearance promotions",elegant and work_or_outing focused,"affordable, practical, low-commitment",0.985130582,1.0,1.0,0.992565291,5,0.992565291,0.9697733018271832,0.985130582,"Recommended for Inactive Budget Shoppers because it has an average purchase probability of 0.99, an inventory score of 1.00, a segment match score of 1.00, and a raw campaign score of 0.99.","Refresh your wardrobe with Claudine, a elegant T-shirt made for work_or_outing. Great style, smart value."
Inactive Budget Shoppers,755566001,Newbie tee,T-shirt,Garment Upper body,Black,elegant,work_or_outing,Divided,Promote aggressively,"Win-back discounts, simple value offers, clearance promotions",elegant and work_or_outing focused,"affordable, practical, low-commitment",0.9850472866666666,1.0,1.0,0.9925236433333332,3,0.9925236433333332,0.969260232528065,0.9850472866666666,"Recommended for Inactive Budget Shoppers because it has an average purchase probability of 0.99, an inventory score of 1.00, a segment match score of 1.00, and a raw campaign score of 0.99.","Refresh your wardrobe with Newbie tee, a elegant T-shirt made for work_or_outing. Great style, smart value."
Inactive Budget Shoppers,783707089,1pk Fun,Socks,Socks & Tights,Light Purple,everyday,daily_wear,Menswear,Promote aggressively,"Win-back discounts, simple value offers, clearance promotions",everyday and daily_wear focused,"affordable, practical, low-commitment",0.98477995,1.0,1.0,0.992389975,1,0.992389975,0.967613534799566,0.98477995,"Recommended for Inactive Budget Shoppers because it has an average purchase probability of 0.98, an inventory score of 1.00, a segment match score of 1.00, and a raw campaign score of 0.99.","Refresh your wardrobe with 1pk Fun, a everyday Socks made for daily_wear. Great style, smart value."
Inactive Budget Shoppers,701134021,1pk XMAS,Socks,Socks & Tights,Dark Blue,everyday,daily_wear,Menswear,Promote aggressively,"Win-back discounts, simple value offers, clearance promotions",everyday and daily_wear focused,"affordable, practical, low-commitment",0.98460822,1.0,1.0,0.99230411,2,0.99230411,0.9665557397561796,0.98460822,"Recommended for Inactive Budget Shoppers because it has an average purchase probability of 0.98, an inventory score of 1.00, a segment match score of 1.00, and a raw campaign score of 0.99.","Refresh your wardrobe with 1pk XMAS, a everyday Socks made for daily_wear. Great style, smart value."
Loyal High-Value Customers,780031001,PS FI LEATHER LEGGINGS,Leggings/Tights,Garment Lower body,Black,everyday,daily_wear,Ladieswear,Promote aggressively,"VIP rewards, early access, premium recommendations, loyalty campaigns",everyday and daily_wear focused,"exclusive, personalized, rewarding",0.98088247,1.0,1.0,0.990441235,1,0.990441235,0.9436064595902336,0.98088247,"Recommended for Loyal High-Value Customers because it has an average purchase probability of 0.98, an inventory score of 1.00, a segment match score of 1.00, and a raw campaign score of 0.99.","Elevate your look with PS FI LEATHER LEGGINGS, a carefully selected Leggings/Tights designed for daily_wear and confident everyday style."
Loyal High-Value Customers,876342001,Coaster jacket,Jacket,Garment Upper body,Black,streetwear,daily_wear,Ladieswear,Promote aggressively,"VIP rewards, early access, premium recommendations, loyalty campaigns",streetwear and daily_wear focused,"exclusive, personalized, rewarding",0.9686578333333332,1.0,1.0,0.9843289166666668,3,0.9843289166666668,0.868307093881255,0.9686578333333332,"Recommended for Loyal High-Value Customers because it has an average purchase probability of 0.97, an inventory score of 1.00, a segment match score of 1.00, and a raw campaign score of 0.98.","Elevate your look with Coaster jacket, a carefully selected Jacket designed for daily_wear and confident everyday style."
Loyal High-Value Customers,661794006,Flamingo,Coat,Garment Upper body,Black,everyday,daily_wear,Ladieswear,Promote aggressively,"VIP rewards, early access, premium recommendations, loyalty campaigns",everyday and daily_wear focused,"exclusive, personalized, rewarding",0.9686252,1.0,1.0,0.9843126,1,0.9843126,0.8681060842833442,0.9686252,"Recommended for Loyal High-Value Customers because it has an average purchase probability of 0.97, an inventory score of 1.00, a segment match score of 1.00, and a raw campaign score of 0.98.","Elevate your look with Flamingo, a carefully selected Coat designed for daily_wear and confident everyday style."
Loyal High-Value Customers,815330001,Jay premium quality puffer,Jacket,Garment Upper body,White,streetwear,daily_wear,Ladieswear,Promote aggressively,"VIP rewards, early access, premium recommendations, loyalty campaigns",streetwear and daily_wear focused,"exclusive, personalized, rewarding",0.96734166,1.0,1.0,0.98367083,1,0.98367083,0.8601999394630538,0.96734166,"Recommended for Loyal High-Value Customers because it has an average purchase probability of 0.97, an inventory score of 1.00, a segment match score of 1.00, and a raw campaign score of 0.98.","Elevate your look with Jay premium quality puffer, a carefully selected Jacket designed for daily_wear and confident everyday style."
Loyal High-Value Customers,763323004,Strindberg coat,Coat,Garment Upper body,Black,everyday,daily_wear,Ladieswear,Promote aggressively,"VIP rewards, early access, premium recommendations, loyalty campaigns",everyday and daily_wear focused,"exclusive, personalized, rewarding",0.967309985,1.0,1.0,0.9836549925,2,0.9836549925,0.8600048328538459,0.967309985,"Recommended for Loyal High-Value Customers because it has an average purchase probability of 0.97, an inventory score of 1.00, a segment match score of 1.00, and a raw campaign score of 0.98.","Elevate your look with Strindberg coat, a carefully selected Coat designed for daily_wear and confident everyday style."
Loyal High-Value Customers,787147002,Ceder Coat,Jacket,Garment Upper body,Black,streetwear,daily_wear,Ladieswear,Promote aggressively,"VIP rewards, early access, premium recommendations, loyalty campaigns",streetwear and daily_wear focused,"exclusive, personalized, rewarding",0.96729034,1.0,1.0,0.98364517,1,0.98364517,0.8598838267184741,0.96729034,"Recommended for Loyal High-Value Customers because it has an average purchase probability of 0.97, an inventory score of 1.00, a segment match score of 1.00, and a raw campaign score of 0.98.","Elevate your look with Ceder Coat, a carefully selected Jacket designed for daily_wear and confident everyday style."
Loyal High-Value Customers,761360001,Gordon fur collar jacket,Coat,Garment Upper body,Black,streetwear,daily_wear,Ladieswear,Promote aggressively,"VIP rewards, early access, premium recommendations, loyalty campaigns",streetwear and daily_wear focused,"exclusive, personalized, rewarding",0.9672348,1.0,1.0,0.9836174,1,0.9836174,0.8595417202914685,0.9672348,"Recommended for Loyal High-Value Customers because it has an average purchase probability of 0.97, an inventory score of 1.00, a segment match score of 1.00, and a raw campaign score of 0.98.","Elevate your look with Gordon fur collar jacket, a carefully selected Coat designed for daily_wear and confident everyday style."
Loyal High-Value Customers,784279001,Shallow coat,Coat,Garment Upper body,Black,everyday,daily_wear,Ladieswear,Promote aggressively,"VIP rewards, early access, premium recommendations, loyalty campaigns",everyday and daily_wear focused,"exclusive, personalized, rewarding",0.96723026,1.0,1.0,0.98361513,1,0.98361513,0.8595137555241191,0.96723026,"Recommended for Loyal High-Value Customers because it has an average purchase probability of 0.97, an inventory score of 1.00, a segment match score of 1.00, and a raw campaign score of 0.98.","Elevate your look with Shallow coat, a carefully selected Coat designed for daily_wear and confident everyday style."
Loyal High-Value Customers,670043001,PE DANIELA COAT,Jacket,Garment Upper body,Black,streetwear,daily_wear,Ladieswear,Promote aggressively,"VIP rewards, early access, premium recommendations, loyalty campaigns",streetwear and daily_wear focused,"exclusive, personalized, rewarding",0.96708715,1.0,1.0,0.983543575,1,0.983543575,0.8586322493885629,0.96708715,"Recommended for Loyal High-Value Customers because it has an average purchase probability of 0.97, an inventory score of 1.00, a segment match score of 1.00, and a raw campaign score of 0.98.","Elevate your look with PE DANIELA COAT, a carefully selected Jacket designed for daily_wear and confident everyday style."
Loyal High-Value Customers,690593001,Cloud jacket,Coat,Garment Upper body,Light Grey,elegant,work_or_outing,Ladieswear,Promote aggressively,"VIP rewards, early access, premium recommendations, loyalty campaigns",elegant and work_or_outing focused,"exclusive, personalized, rewarding",0.96478915,1.0,1.0,0.982394575,1,0.982394575,0.8444773957828886,0.96478915,"Recommended for Loyal High-Value Customers because it has an average purchase probability of 0.96, an inventory score of 1.00, a segment match score of 1.00, and a raw campaign score of 0.98.","Elevate your look with Cloud jacket, a carefully selected Coat designed for work_or_outing and confident everyday style."
Loyal High-Value Customers,661910001,Haven fur,Coat,Garment Upper body,Black,everyday,daily_wear,Ladieswear,Promote aggressively,"VIP rewards, early access, premium recommendations, loyalty campaigns",everyday and daily_wear focused,"exclusive, personalized, rewarding",0.96462196,1.0,1.0,0.98231098,1,0.98231098,0.8434475655068518,0.96462196,"Recommended for Loyal High-Value Customers because it has an average purchase probability of 0.96, an inventory score of 1.00, a segment match score of 1.00, and a raw campaign score of 0.98.","Elevate your look with Haven fur, a carefully selected Coat designed for daily_wear and confident everyday style."
Loyal High-Value Customers,796841001,Walt Wedding Skirt,Skirt,Garment Lower body,Off White,everyday,daily_wear,Ladieswear,Promote aggressively,"VIP rewards, early access, premium recommendations, loyalty campaigns",everyday and daily_wear focused,"exclusive, personalized, rewarding",0.96458656,1.0,1.0,0.98229328,1,0.98229328,0.8432295142372068,0.96458656,"Recommended for Loyal High-Value Customers because it has an average purchase probability of 0.96, an inventory score of 1.00, a segment match score of 1.00, and a raw campaign score of 0.98.","Elevate your look with Walt Wedding Skirt, a carefully selected Skirt designed for daily_wear and confident everyday style."
Loyal High-Value Customers,691539002,Trust,Coat,Garment Upper body,Black,everyday,daily_wear,Ladieswear,Promote aggressively,"VIP rewards, early access, premium recommendations, loyalty campaigns",everyday and daily_wear focused,"exclusive, personalized, rewarding",0.964332,1.0,1.0,0.982166,1,0.982166,0.8416615161806971,0.964332,"Recommended for Loyal High-Value Customers because it has an average purchase probability of 0.96, an inventory score of 1.00, a segment match score of 1.00, and a raw campaign score of 0.98.","Elevate your look with Trust, a carefully selected Coat designed for daily_wear and confident everyday style."
Loyal High-Value Customers,694986001,Freddy Fur Coat,Jacket,Garment Upper body,Yellowish Brown,streetwear,daily_wear,Ladieswear,Promote aggressively,"VIP rewards, early access, premium recommendations, loyalty campaigns",streetwear and daily_wear focused,"exclusive, personalized, rewarding",0.96403265,1.0,1.0,0.982016325,1,0.982016325,0.8398176278313247,0.96403265,"Recommended for Loyal High-Value Customers because it has an average purchase probability of 0.96, an inventory score of 1.00, a segment match score of 1.00, and a raw campaign score of 0.98.","Elevate your look with Freddy Fur Coat, a carefully selected Jacket designed for daily_wear and confident everyday style."
Loyal High-Value Customers,925246001,Fortune PU,Jacket,Garment Upper body,Black,streetwear,daily_wear,Ladieswear,Promote aggressively,"VIP rewards, early access, premium recommendations, loyalty campaigns",streetwear and daily_wear focused,"exclusive, personalized, rewarding",0.96375716,1.0,1.0,0.98187858,1,0.98187858,0.8381207085015483,0.96375716,"Recommended for Loyal High-Value Customers because it has an average purchase probability of 0.96, an inventory score of 1.00, a segment match score of 1.00, and a raw campaign score of 0.98.","Elevate your look with Fortune PU, a carefully selected Jacket designed for daily_wear and confident everyday style."
Loyal High-Value Customers,745745001,Maltese coat,Jacket,Garment Upper body,Black,streetwear,daily_wear,Ladieswear,Promote aggressively,"VIP rewards, early access, premium recommendations, loyalty campaigns",streetwear and daily_wear focused,"exclusive, personalized, rewarding",0.9636767,1.0,1.0,0.98183835,1,0.98183835,0.8376251038361384,0.9636767,"Recommended for Loyal High-Value Customers because it has an average purchase probability of 0.96, an inventory score of 1.00, a segment match score of 1.00, and a raw campaign score of 0.98.","Elevate your look with Maltese coat, a carefully selected Jacket designed for daily_wear and confident everyday style."
Loyal High-Value Customers,534181002,Femme (1),Coat,Garment Upper body,Black,everyday,daily_wear,Ladieswear,Promote aggressively,"VIP rewards, early access, premium recommendations, loyalty campaigns",everyday and daily_wear focused,"exclusive, personalized, rewarding",0.96363523,1.0,1.0,0.981817615,2,0.981817615,0.837369663549354,0.96363523,"Recommended for Loyal High-Value Customers because it has an average purchase probability of 0.96, an inventory score of 1.00, a segment match score of 1.00, and a raw campaign score of 0.98.","Elevate your look with Femme (1), a carefully selected Coat designed for daily_wear and confident everyday style."
Loyal High-Value Customers,784265001,TLC coat,Coat,Garment Upper body,Dark Blue,everyday,daily_wear,Ladieswear,Promote aggressively,"VIP rewards, early access, premium recommendations, loyalty campaigns",everyday and daily_wear focused,"exclusive, personalized, rewarding",0.962498,1.0,1.0,0.981249,1,0.981249,0.8303647357138537,0.962498,"Recommended for Loyal High-Value Customers because it has an average purchase probability of 0.96, an inventory score of 1.00, a segment match score of 1.00, and a raw campaign score of 0.98.","Elevate your look with TLC coat, a carefully selected Coat designed for daily_wear and confident everyday style."
Loyal High-Value Customers,685631001,Ceder,Jacket,Garment Upper body,Black,streetwear,daily_wear,Ladieswear,Promote aggressively,"VIP rewards, early access, premium recommendations, loyalty campaigns",streetwear and daily_wear focused,"exclusive, personalized, rewarding",0.9620497466666666,1.0,1.0,0.9810248733333332,3,0.9810248733333332,0.8276036563789579,0.9620497466666666,"Recommended for Loyal High-Value Customers because it has an average purchase probability of 0.96, an inventory score of 1.00, a segment match score of 1.00, and a raw campaign score of 0.98.","Elevate your look with Ceder, a carefully selected Jacket designed for daily_wear and confident everyday style."
Loyal High-Value Customers,733823001,SC KOSTAS jumpsuit,Trousers,Garment Lower body,Black,everyday,daily_wear,Ladieswear,Promote aggressively,"VIP rewards, early access, premium recommendations, loyalty campaigns",everyday and daily_wear focused,"exclusive, personalized, rewarding",0.96130544,1.0,1.0,0.98065272,1,0.98065272,0.8230189949758263,0.96130544,"Recommended for Loyal High-Value Customers because it has an average purchase probability of 0.96, an inventory score of 1.00, a segment match score of 1.00, and a raw campaign score of 0.98.","Elevate your look with SC KOSTAS jumpsuit, a carefully selected Trousers designed for daily_wear and confident everyday style."
Regular Shoppers,762656010,Small basic scrunchie,Hair string,Accessories,Off White,everyday,daily_wear,Ladieswear,Promote aggressively,"Cross-sell recommendations, seasonal edits, everyday outfit suggestions",everyday and daily_wear focused,"easy, relevant, everyday style",0.9773142,1.0,0.75,0.9261571,1,0.9261571,0.1516721514157864,0.9773142,"Recommended for Regular Shoppers because it has an average purchase probability of 0.98, an inventory score of 1.00, a segment match score of 0.75, and a raw campaign score of 0.93.",Picked for your style: Small basic scrunchie. A everyday Hair string that fits naturally into your daily_wear wardrobe.
Regular Shoppers,368038011,Biq Square Claw,Hair clip,Accessories,Light Orange,everyday,daily_wear,Ladieswear,Promote aggressively,"Cross-sell recommendations, seasonal edits, everyday outfit suggestions",everyday and daily_wear focused,"easy, relevant, everyday style",0.9691878,1.0,0.75,0.9220939,1,0.9220939,0.101616449787782,0.9691878,"Recommended for Regular Shoppers because it has an average purchase probability of 0.97, an inventory score of 1.00, a segment match score of 0.75, and a raw campaign score of 0.92.",Picked for your style: Biq Square Claw. A everyday Hair clip that fits naturally into your daily_wear wardrobe.
Regular Shoppers,762656001,Small basic scrunchie,Hair ties,Accessories,Black,everyday,daily_wear,Ladieswear,Promote aggressively,"Cross-sell recommendations, seasonal edits, everyday outfit suggestions",everyday and daily_wear focused,"easy, relevant, everyday style",0.9658916566666668,1.0,0.75,0.9204458283333332,6,0.9204458283333332,0.0813133921956778,0.9658916566666668,"Recommended for Regular Shoppers because it has an average purchase probability of 0.97, an inventory score of 1.00, a segment match score of 0.75, and a raw campaign score of 0.92.",Picked for your style: Small basic scrunchie. A everyday Hair ties that fits naturally into your daily_wear wardrobe.
Regular Shoppers,790006001,L Lilo Pile Coat,Jacket,Garment Upper body,Black,streetwear,daily_wear,Ladieswear,Promote aggressively,"Cross-sell recommendations, seasonal edits, everyday outfit suggestions",streetwear and daily_wear focused,"easy, relevant, everyday style",0.96390855,1.0,0.75,0.919454275,1,0.919454275,0.0690981682830997,0.96390855,"Recommended for Regular Shoppers because it has an average purchase probability of 0.96, an inventory score of 1.00, a segment match score of 0.75, and a raw campaign score of 0.92.",Picked for your style: L Lilo Pile Coat. A streetwear Jacket that fits naturally into your daily_wear wardrobe.
Regular Shoppers,730946002,Billie high,T-shirt,Garment Upper body,White,elegant,work_or_outing,Ladieswear,Promote aggressively,"Cross-sell recommendations, seasonal edits, everyday outfit suggestions",elegant and work_or_outing focused,"easy, relevant, everyday style",0.9638657,1.0,0.75,0.91943285,1,0.91943285,0.0688342276925846,0.9638657,"Recommended for Regular Shoppers because it has an average purchase probability of 0.96, an inventory score of 1.00, a segment match score of 0.75, and a raw campaign score of 0.92.",Picked for your style: Billie high. A elegant T-shirt that fits naturally into your work_or_outing wardrobe.
Regular Shoppers,692226004,Anita Tank,Vest top,Garment Upper body,White,everyday,daily_wear,Divided,Promote aggressively,"Cross-sell recommendations, seasonal edits, everyday outfit suggestions",everyday and daily_wear focused,"easy, relevant, everyday style",0.9629519,1.0,0.75,0.91897595,1,0.91897595,0.0632055483083961,0.9629519,"Recommended for Regular Shoppers because it has an average purchase probability of 0.96, an inventory score of 1.00, a segment match score of 0.75, and a raw campaign score of 0.92.",Picked for your style: Anita Tank. A everyday Vest top that fits naturally into your daily_wear wardrobe.
Regular Shoppers,697031001,Tudor,Coat,Garment Upper body,Black,everyday,daily_wear,Ladieswear,Promote aggressively,"Cross-sell recommendations, seasonal edits, everyday outfit suggestions",everyday and daily_wear focused,"easy, relevant, everyday style",0.9614296,1.0,0.75,0.9182148,1,0.9182148,0.0538287277496848,0.9614296,"Recommended for Regular Shoppers because it has an average purchase probability of 0.96, an inventory score of 1.00, a segment match score of 0.75, and a raw campaign score of 0.92.",Picked for your style: Tudor. A everyday Coat that fits naturally into your daily_wear wardrobe.
Regular Shoppers,712407001,PC Time blazer,Blazer,Garment Upper body,Black,elegant,work_or_outing,Ladieswear,Promote aggressively,"Cross-sell recommendations, seasonal edits, everyday outfit suggestions",elegant and work_or_outing focused,"easy, relevant, everyday style",0.9601231,1.0,0.75,0.91756155,1,0.91756155,0.0457811575861459,0.9601231,"Recommended for Regular Shoppers because it has an average purchase probability of 0.96, an inventory score of 1.00, a segment match score of 0.75, and a raw campaign score of 0.92.",Picked for your style: PC Time blazer. A elegant Blazer that fits naturally into your work_or_outing wardrobe.
Regular Shoppers,720346005,Chilli shorts,Shorts,Garment Lower body,Black,elegant,work_or_outing,Divided,Promote aggressively,"Cross-sell recommendations, seasonal edits, everyday outfit suggestions",elegant and work_or_outing focused,"easy, relevant, everyday style",0.95967364,1.0,0.75,0.91733682,1,0.91733682,0.0430126456185189,0.95967364,"Recommended for Regular Shoppers because it has an average purchase probability of 0.96, an inventory score of 1.00, a segment match score of 0.75, and a raw campaign score of 0.92.",Picked for your style: Chilli shorts. A elegant Shorts that fits naturally into your work_or_outing wardrobe.
Regular Shoppers,864668001,Cat cotton tee,T-shirt,Garment Upper body,Black,elegant,work_or_outing,Divided,Promote aggressively,"Cross-sell recommendations, seasonal edits, everyday outfit suggestions",elegant and work_or_outing focused,"easy, relevant, everyday style",0.9586226,1.0,0.75,0.9168113,1,0.9168113,0.0365386171878356,0.9586226,"Recommended for Regular Shoppers because it has an average purchase probability of 0.96, an inventory score of 1.00, a segment match score of 0.75, and a raw campaign score of 0.92.",Picked for your style: Cat cotton tee. A elegant T-shirt that fits naturally into your work_or_outing wardrobe.
Regular Shoppers,692226003,Anita Tank,Vest top,Garment Upper body,Black,everyday,daily_wear,Divided,Promote aggressively,"Cross-sell recommendations, seasonal edits, everyday outfit suggestions",everyday and daily_wear focused,"easy, relevant, everyday style",0.9569257875,1.0,0.75,0.91596289375,4,0.91596289375,0.0260868623863646,0.9569257875,"Recommended for Regular Shoppers because it has an average purchase probability of 0.96, an inventory score of 1.00, a segment match score of 0.75, and a raw campaign score of 0.92.",Picked for your style: Anita Tank. A everyday Vest top that fits naturally into your daily_wear wardrobe.
Regular Shoppers,710068001,Gilbert Jacket,Jacket,Garment Upper body,Black,streetwear,daily_wear,Ladieswear,Promote aggressively,"Cross-sell recommendations, seasonal edits, everyday outfit suggestions",streetwear and daily_wear focused,"easy, relevant, everyday style",0.956206,1.0,0.75,0.915603,1,0.915603,0.0216532302324504,0.956206,"Recommended for Regular Shoppers because it has an average purchase probability of 0.96, an inventory score of 1.00, a segment match score of 0.75, and a raw campaign score of 0.92.",Picked for your style: Gilbert Jacket. A streetwear Jacket that fits naturally into your daily_wear wardrobe.
Regular Shoppers,778840001,Keeshound fur jacket,Jacket,Garment Upper body,Black,streetwear,daily_wear,Ladieswear,Promote aggressively,"Cross-sell recommendations, seasonal edits, everyday outfit suggestions",streetwear and daily_wear focused,"easy, relevant, everyday style",0.955275,1.0,0.75,0.9151375,1,0.9151375,0.0159186050336325,0.955275,"Recommended for Regular Shoppers because it has an average purchase probability of 0.96, an inventory score of 1.00, a segment match score of 0.75, and a raw campaign score of 0.92.",Picked for your style: Keeshound fur jacket. A streetwear Jacket that fits naturally into your daily_wear wardrobe.
Regular Shoppers,399201026,Shaping Skinny H.W,Trousers,Garment Lower body,Black,streetwear,daily_wear,Divided,Promote aggressively,"Cross-sell recommendations, seasonal edits, everyday outfit suggestions",streetwear and daily_wear focused,"easy, relevant, everyday style",0.95516763,1.0,0.75,0.915083815,2,0.915083815,0.015257244445452,0.95516763,"Recommended for Regular Shoppers because it has an average purchase probability of 0.96, an inventory score of 1.00, a segment match score of 0.75, and a raw campaign score of 0.92.",Picked for your style: Shaping Skinny H.W. A streetwear Trousers that fits naturally into your daily_wear wardrobe.
Regular Shoppers,710403001,Moma rib knitted jumper,Sweater,Garment Upper body,Dark Blue,everyday,daily_wear,Ladieswear,Promote aggressively,"Cross-sell recommendations, seasonal edits, everyday outfit suggestions",everyday and daily_wear focused,"easy, relevant, everyday style",0.9544164,1.0,0.75,0.9147082,1,0.9147082,0.0106299377987189,0.9544164,"Recommended for Regular Shoppers because it has an average purchase probability of 0.95, an inventory score of 1.00, a segment match score of 0.75, and a raw campaign score of 0.91.",Picked for your style: Moma rib knitted jumper. A everyday Sweater that fits naturally into your daily_wear wardrobe.
Regular Shoppers,772822001,Plum Pile Coat,Jacket,Garment Upper body,Black,streetwear,daily_wear,Ladieswear,Promote aggressively,"Cross-sell recommendations, seasonal edits, everyday outfit suggestions",streetwear and daily_wear focused,"easy, relevant, everyday style",0.9537202,1.0,0.75,0.9143601,1,0.9143601,0.0063415961623961,0.9537202,"Recommended for Regular Shoppers because it has an average purchase probability of 0.95, an inventory score of 1.00, a segment match score of 0.75, and a raw campaign score of 0.91.",Picked for your style: Plum Pile Coat. A streetwear Jacket that fits naturally into your daily_wear wardrobe.
Regular Shoppers,666006004,Milla pile,Jacket,Garment Upper body,Black,streetwear,daily_wear,Ladieswear,Promote aggressively,"Cross-sell recommendations, seasonal edits, everyday outfit suggestions",streetwear and daily_wear focused,"easy, relevant, everyday style",0.95334506,1.0,0.75,0.91417253,1,0.91417253,0.0040308686682127,0.95334506,"Recommended for Regular Shoppers because it has an average purchase probability of 0.95, an inventory score of 1.00, a segment match score of 0.75, and a raw campaign score of 0.91.",Picked for your style: Milla pile. A streetwear Jacket that fits naturally into your daily_wear wardrobe.
Regular Shoppers,708705001,Esther,Jacket,Garment Upper body,Black,streetwear,daily_wear,Ladieswear,Promote aggressively,"Cross-sell recommendations, seasonal edits, everyday outfit suggestions",streetwear and daily_wear focused,"easy, relevant, everyday style",0.95321375,1.0,0.75,0.914106875,1,0.914106875,0.0032220462892044,0.95321375,"Recommended for Regular Shoppers because it has an average purchase probability of 0.95, an inventory score of 1.00, a segment match score of 0.75, and a raw campaign score of 0.91.",Picked for your style: Esther. A streetwear Jacket that fits naturally into your daily_wear wardrobe.
Regular Shoppers,662593002,Haze Polo,Top,Garment Upper body,Black,everyday,daily_wear,Divided,Promote aggressively,"Cross-sell recommendations, seasonal edits, everyday outfit suggestions",everyday and daily_wear focused,"easy, relevant, everyday style",0.9527846,1.0,0.75,0.9138923,1,0.9138923,0.0005786366178052,0.9527846,"Recommended for Regular Shoppers because it has an average purchase probability of 0.95, an inventory score of 1.00, a segment match score of 0.75, and a raw campaign score of 0.91.",Picked for your style: Haze Polo. A everyday Top that fits naturally into your daily_wear wardrobe.
Regular Shoppers,840351001,Cilla tube,Vest top,Garment Upper body,Black,everyday,daily_wear,Divided,Promote aggressively,"Cross-sell recommendations, seasonal edits, everyday outfit suggestions",everyday and daily_wear focused,"easy, relevant, everyday style",0.95269066,1.0,0.75,0.91384533,1,0.91384533,0.0,0.95269066,"Recommended for Regular Shoppers because it has an average purchase probability of 0.95, an inventory score of 1.00, a segment match score of 0.75, and a raw campaign score of 0.91.",Picked for your style: Cilla tube. A everyday Vest top that fits naturally into your daily_wear wardrobe.
