customer_segment,article_id,product_name,product_type,product_group,color_group,style,occasion,target_audience,inventory_level,promotion_strategy,recommended_strategy,product_copy_angle,segment_copy_angle,avg_selling_price,avg_purchase_probability,avg_inventory_score,avg_segment_match_score,avg_campaign_score,customer_count,raw_campaign_score,campaign_score,purchase_probability,ranking_explanation
Inactive Budget Shoppers,762656002,Small basic scrunchie,Hair ties,Accessories,Light Pink,everyday,daily_wear,Ladieswear,high,Promote aggressively,"Win-back discounts, simple value offers, clearance promotions",everyday and daily_wear focused,"affordable, practical, low-commitment",0.0032796610169491,0.990711805,1.0,1.0,0.9953559025000001,16,0.9953559025000001,1.0,0.990711805,"Recommended for Inactive Budget Shoppers because it has an average purchase probability of 0.99, an inventory score of 1.00, a segment match score of 1.00, and a raw campaign score of 1.00."
Inactive Budget Shoppers,807241019,1p Fun Socks,Socks,Socks & Tights,Black,everyday,daily_wear,Ladieswear,high,Promote aggressively,"Win-back discounts, simple value offers, clearance promotions",everyday and daily_wear focused,"affordable, practical, low-commitment",0.0033414043583534,0.98897305,1.0,1.0,0.994486525,2,0.994486525,0.9988713611577988,0.98897305,"Recommended for Inactive Budget Shoppers because it has an average purchase probability of 0.99, an inventory score of 1.00, a segment match score of 1.00, and a raw campaign score of 0.99."
Inactive Budget Shoppers,701134015,1pk XMAS,Socks,Socks & Tights,Black,everyday,daily_wear,Menswear,high,Promote aggressively,"Win-back discounts, simple value offers, clearance promotions",everyday and daily_wear focused,"affordable, practical, low-commitment",0.0033615819209038,0.988808515,1.0,1.0,0.9944042574999999,2,0.9944042574999999,0.9987645602618119,0.988808515,"Recommended for Inactive Budget Shoppers because it has an average purchase probability of 0.99, an inventory score of 1.00, a segment match score of 1.00, and a raw campaign score of 0.99."
Inactive Budget Shoppers,706268041,1pk fun/expressive,Socks,Socks & Tights,Dark Green,everyday,daily_wear,Menswear,high,Promote aggressively,"Win-back discounts, simple value offers, clearance promotions",everyday and daily_wear focused,"affordable, practical, low-commitment",0.0033075060532687,0.9867478633333334,1.0,1.0,0.9933739316666667,3,0.9933739316666667,0.9974269758918195,0.9867478633333334,"Recommended for Inactive Budget Shoppers because it has an average purchase probability of 0.99, an inventory score of 1.00, a segment match score of 1.00, and a raw campaign score of 0.99."
Inactive Budget Shoppers,783707026,1pk Fun 1,Socks,Socks & Tights,Light Green,everyday,daily_wear,Menswear,high,Promote aggressively,"Win-back discounts, simple value offers, clearance promotions",everyday and daily_wear focused,"affordable, practical, low-commitment",0.003306967984934,0.9865496666666665,1.0,1.0,0.9932748333333333,3,0.9932748333333333,0.9972983249568719,0.9865496666666665,"Recommended for Inactive Budget Shoppers because it has an average purchase probability of 0.99, an inventory score of 1.00, a segment match score of 1.00, and a raw campaign score of 0.99."
Inactive Budget Shoppers,874837005,ANDY L/S TEE TP,T-shirt,Garment Upper body,Black,elegant,work_or_outing,Baby/Children,high,Deprioritize,"Win-back discounts, simple value offers, clearance promotions",elegant and work_or_outing focused,"affordable, practical, low-commitment",0.0067627118644067,0.8997878,1.0,1.0,0.9498939,1,0.9498939,0.9409805500306333,0.8997878,"Recommended for Inactive Budget Shoppers because it has an average purchase probability of 0.90, an inventory score of 1.00, a segment match score of 1.00, and a raw campaign score of 0.95."
Inactive Budget Shoppers,673214003,Maxi,Leggings/Tights,Garment Lower body,White,everyday,daily_wear,Baby/Children,high,Deprioritize,"Win-back discounts, simple value offers, clearance promotions",everyday and daily_wear focused,"affordable, practical, low-commitment",0.0039406779661016,0.89977,1.0,1.0,0.949885,1,0.949885,0.9409689959178392,0.89977,"Recommended for Inactive Budget Shoppers because it has an average purchase probability of 0.90, an inventory score of 1.00, a segment match score of 1.00, and a raw campaign score of 0.95."
Inactive Budget Shoppers,879482001,Flirty Frosty Phone case,Other accessories,Accessories,Light Pink,everyday,daily_wear,Ladieswear,high,Deprioritize,"Win-back discounts, simple value offers, clearance promotions",everyday and daily_wear focused,"affordable, practical, low-commitment",0.0101525423728813,0.8996038,1.0,1.0,0.9498019,1,0.9498019,0.940861114257931,0.8996038,"Recommended for Inactive Budget Shoppers because it has an average purchase probability of 0.90, an inventory score of 1.00, a segment match score of 1.00, and a raw campaign score of 0.95."
Inactive Budget Shoppers,762656001,Small basic scrunchie,Hair ties,Accessories,Black,everyday,daily_wear,Ladieswear,medium,Personalized recommendation,"Win-back discounts, simple value offers, clearance promotions",everyday and daily_wear focused,"affordable, practical, low-commitment",0.0031846873173582,0.9889140668749999,0.7,1.0,0.9194570334375,16,0.9194570334375,0.9014669557205331,0.9889140668749999,"Recommended for Inactive Budget Shoppers because it has an average purchase probability of 0.99, an inventory score of 0.70, a segment match score of 1.00, and a raw campaign score of 0.92."
Inactive Budget Shoppers,720137006,Cornelia Thong LP,Underwear bottom,Underwear,Yellow,everyday,daily_wear,Ladieswear,medium,Personalized recommendation,"Win-back discounts, simple value offers, clearance promotions",everyday and daily_wear focused,"affordable, practical, low-commitment",0.0032956685499058,0.98757255,0.7,1.0,0.918786275,2,0.918786275,0.9005961671088005,0.98757255,"Recommended for Inactive Budget Shoppers because it has an average purchase probability of 0.99, an inventory score of 0.70, a segment match score of 1.00, and a raw campaign score of 0.92."
Inactive Budget Shoppers,593783001,JACKIE TEE,T-shirt,Garment Upper body,Black,elegant,work_or_outing,Baby/Children,medium,Personalized recommendation,"Win-back discounts, simple value offers, clearance promotions",elegant and work_or_outing focused,"affordable, practical, low-commitment",0.0050677966101694,0.98751473,0.7,1.0,0.918757365,1,0.918757365,0.9005586357154438,0.98751473,"Recommended for Inactive Budget Shoppers because it has an average purchase probability of 0.99, an inventory score of 0.70, a segment match score of 1.00, and a raw campaign score of 0.92."
Inactive Budget Shoppers,872052001,Flirty Record hoop,Earring,Accessories,Light Pink,everyday,daily_wear,Ladieswear,high,Discount campaign,"Win-back discounts, simple value offers, clearance promotions",everyday and daily_wear focused,"affordable, practical, low-commitment",0.0130903954802259,0.79819274,1.0,1.0,0.89909637,1,0.89909637,0.8750344386510829,0.79819274,"Recommended for Inactive Budget Shoppers because it has an average purchase probability of 0.80, an inventory score of 1.00, a segment match score of 1.00, and a raw campaign score of 0.90."
Inactive Budget Shoppers,616369001,Ronaldo set,Garment Set,Garment Full body,Dark Blue,elegant,work_or_outing,Baby/Children,high,Discount campaign,"Win-back discounts, simple value offers, clearance promotions",elegant and work_or_outing focused,"affordable, practical, low-commitment",0.008457627118644,0.7980426,1.0,1.0,0.8990213,1,0.8990213,0.8749369816569876,0.7980426,"Recommended for Inactive Budget Shoppers because it has an average purchase probability of 0.80, an inventory score of 1.00, a segment match score of 1.00, and a raw campaign score of 0.90."
Inactive Budget Shoppers,651756002,GRETA Hotpants,Shorts,Garment Lower body,Dark Grey,sporty,workout,Sport,high,Discount campaign,"Win-back discounts, simple value offers, clearance promotions",sporty and workout focused,"affordable, practical, low-commitment",0.0097457627118644,0.7979745,1.0,1.0,0.89898725,1,0.89898725,0.8748927774389386,0.7979745,"Recommended for Inactive Budget Shoppers because it has an average purchase probability of 0.80, an inventory score of 1.00, a segment match score of 1.00, and a raw campaign score of 0.90."
Inactive Budget Shoppers,528199003,Cedrica puff,T-shirt,Garment Upper body,Dark Blue,elegant,work_or_outing,Ladieswear,medium,Awareness campaign,"Win-back discounts, simple value offers, clearance promotions",elegant and work_or_outing focused,"affordable, practical, low-commitment",0.0101525423728813,0.7999008,0.7,1.0,0.8249504,1,0.8249504,0.7787770340889948,0.7999008,"Recommended for Inactive Budget Shoppers because it has an average purchase probability of 0.80, an inventory score of 0.70, a segment match score of 1.00, and a raw campaign score of 0.82."
Inactive Budget Shoppers,569997028,R-NECK BASIC FIT FANCY,T-shirt,Garment Upper body,Light Beige,elegant,work_or_outing,Menswear,medium,Awareness campaign,"Win-back discounts, simple value offers, clearance promotions",elegant and work_or_outing focused,"affordable, practical, low-commitment",0.0113186440677965,0.7982717,0.7,1.0,0.82413585,1,0.82413585,0.7777195731253572,0.7982717,"Recommended for Inactive Budget Shoppers because it has an average purchase probability of 0.80, an inventory score of 0.70, a segment match score of 1.00, and a raw campaign score of 0.82."
Inactive Budget Shoppers,663826002,Cola,Blouse,Garment Upper body,Dark Green,elegant,work_or_outing,Ladieswear,medium,Awareness campaign,"Win-back discounts, simple value offers, clearance promotions",elegant and work_or_outing focused,"affordable, practical, low-commitment",0.0122118644067796,0.7973521,0.7,1.0,0.82367605,1,0.82367605,0.7771226539048298,0.7973521,"Recommended for Inactive Budget Shoppers because it has an average purchase probability of 0.80, an inventory score of 0.70, a segment match score of 1.00, and a raw campaign score of 0.82."
Inactive Budget Shoppers,572480004,Abbie Rib L/S,Top,Garment Upper body,Black,everyday,daily_wear,Divided,low,Premium positioning,"Win-back discounts, simple value offers, clearance promotions",everyday and daily_wear focused,"affordable, practical, low-commitment",0.0077186440677965,0.985057225,0.3,1.0,0.8175286125,2,0.8175286125,0.7691419588183989,0.985057225,"Recommended for Inactive Budget Shoppers because it has an average purchase probability of 0.99, an inventory score of 0.30, a segment match score of 1.00, and a raw campaign score of 0.82."
Inactive Budget Shoppers,807241018,1p Socks,Socks,Socks & Tights,Light Pink,everyday,daily_wear,Ladieswear,low,Premium positioning,"Win-back discounts, simple value offers, clearance promotions",everyday and daily_wear focused,"affordable, practical, low-commitment",0.0030470809792843,0.98488,0.3,1.0,0.8174399999999999,2,0.8174399999999999,0.7690269207487404,0.98488,"Recommended for Inactive Budget Shoppers because it has an average purchase probability of 0.98, an inventory score of 0.30, a segment match score of 1.00, and a raw campaign score of 0.82."
Inactive Budget Shoppers,720137003,Cornelia Thong LP,Underwear bottom,Underwear,Light Pink,everyday,daily_wear,Ladieswear,low,Premium positioning,"Win-back discounts, simple value offers, clearance promotions",everyday and daily_wear focused,"affordable, practical, low-commitment",0.0030958965209634,0.9847143241666667,0.3,1.0,0.8173571620833333,12,0.8173571620833333,0.7689193793293259,0.9847143241666667,"Recommended for Inactive Budget Shoppers because it has an average purchase probability of 0.98, an inventory score of 0.30, a segment match score of 1.00, and a raw campaign score of 0.82."
Engaged Budget Shoppers,610776020,Tilly (1),T-shirt,Garment Upper body,Black,elegant,work_or_outing,Ladieswear,high,Promote aggressively,"Deal-focused campaigns, bundle offers, personalized sale alerts",elegant and work_or_outing focused,"value-driven, timely, deal-oriented",0.0081294298921416,0.9838450777777779,1.0,1.0,0.9919225388888889,9,0.9919225388888889,0.9955427561319452,0.9838450777777779,"Recommended for Engaged Budget Shoppers because it has an average purchase probability of 0.98, an inventory score of 1.00, a segment match score of 1.00, and a raw campaign score of 0.99."
Engaged Budget Shoppers,649690001,Fringe Land Cheeky Brief Speed,Swimwear bottom,Swimwear,Black,everyday,vacation,Ladieswear,high,Promote aggressively,"Deal-focused campaigns, bundle offers, personalized sale alerts",everyday and vacation focused,"value-driven, timely, deal-oriented",0.0067627118644067,0.98316747,1.0,1.0,0.9915837350000001,1,0.9915837350000001,0.9951029158682062,0.98316747,"Recommended for Engaged Budget Shoppers because it has an average purchase probability of 0.98, an inventory score of 1.00, a segment match score of 1.00, and a raw campaign score of 0.99."
Engaged Budget Shoppers,881916002,Peru ss,T-shirt,Garment Upper body,White,elegant,work_or_outing,Divided,high,Promote aggressively,"Deal-focused campaigns, bundle offers, personalized sale alerts",elegant and work_or_outing focused,"value-driven, timely, deal-oriented",0.0079020715630884,0.9811379,1.0,1.0,0.99056895,1,0.99056895,0.9937855068399266,0.9811379,"Recommended for Engaged Budget Shoppers because it has an average purchase probability of 0.98, an inventory score of 1.00, a segment match score of 1.00, and a raw campaign score of 0.99."
Engaged Budget Shoppers,881916001,Peru ss,T-shirt,Garment Upper body,Black,elegant,work_or_outing,Divided,high,Promote aggressively,"Deal-focused campaigns, bundle offers, personalized sale alerts",elegant and work_or_outing focused,"value-driven, timely, deal-oriented",0.0080197740112993,0.9809254,1.0,1.0,0.9904626999999999,1,0.9904626999999999,0.9936475715046046,0.9809254,"Recommended for Engaged Budget Shoppers because it has an average purchase probability of 0.98, an inventory score of 1.00, a segment match score of 1.00, and a raw campaign score of 0.99."
Engaged Budget Shoppers,887659010,Carla top,T-shirt,Garment Upper body,White,elegant,work_or_outing,Divided,high,Promote aggressively,"Deal-focused campaigns, bundle offers, personalized sale alerts",elegant and work_or_outing focused,"value-driven, timely, deal-oriented",0.008010785824345,0.9807097333333333,1.0,1.0,0.9903548666666667,3,0.9903548666666667,0.993507580662325,0.9807097333333333,"Recommended for Engaged Budget Shoppers because it has an average purchase probability of 0.98, an inventory score of 1.00, a segment match score of 1.00, and a raw campaign score of 0.99."
Engaged Budget Shoppers,853589004,Anki puff tee,T-shirt,Garment Upper body,Light Orange,elegant,work_or_outing,Divided,high,Deprioritize,"Deal-focused campaigns, bundle offers, personalized sale alerts",elegant and work_or_outing focused,"value-driven, timely, deal-oriented",0.0135423728813559,0.89742506,1.0,1.0,0.94871253,1,0.94871253,0.9394468778697929,0.89742506,"Recommended for Engaged Budget Shoppers because it has an average purchase probability of 0.90, an inventory score of 1.00, a segment match score of 1.00, and a raw campaign score of 0.95."
Engaged Budget Shoppers,725663001,Ruffle Tanga,Swimwear bottom,Swimwear,Yellow,everyday,vacation,Ladieswear,high,Deprioritize,"Deal-focused campaigns, bundle offers, personalized sale alerts",everyday and vacation focused,"value-driven, timely, deal-oriented",0.0123200782268578,0.89701678,1.0,1.0,0.94850839,2,0.94850839,0.9391818602758858,0.89701678,"Recommended for Engaged Budget Shoppers because it has an average purchase probability of 0.90, an inventory score of 1.00, a segment match score of 1.00, and a raw campaign score of 0.95."
Engaged Budget Shoppers,608210006,ED coco sleeveless,Top,Garment Upper body,Dark Blue,elegant,work_or_outing,Ladieswear,high,Deprioritize,"Deal-focused campaigns, bundle offers, personalized sale alerts",elegant and work_or_outing focused,"value-driven, timely, deal-oriented",0.0085084745762711,0.8969559,1.0,1.0,0.94847795,1,0.94847795,0.9391423426137003,0.8969559,"Recommended for Engaged Budget Shoppers because it has an average purchase probability of 0.90, an inventory score of 1.00, a segment match score of 1.00, and a raw campaign score of 0.95."
Engaged Budget Shoppers,865076001,Hazel,T-shirt,Garment Upper body,Black,elegant,work_or_outing,Ladieswear,medium,Personalized recommendation,"Deal-focused campaigns, bundle offers, personalized sale alerts",elegant and work_or_outing focused,"value-driven, timely, deal-oriented",0.0082417096536476,0.9838764618181819,0.7,1.0,0.9169382309090909,11,0.9169382309090909,0.8981970086959129,0.9838764618181819,"Recommended for Engaged Budget Shoppers because it has an average purchase probability of 0.98, an inventory score of 0.70, a segment match score of 1.00, and a raw campaign score of 0.92."
Engaged Budget Shoppers,772005017,Tilly.,T-shirt,Garment Upper body,White,elegant,work_or_outing,Ladieswear,medium,Personalized recommendation,"Deal-focused campaigns, bundle offers, personalized sale alerts",elegant and work_or_outing focused,"value-driven, timely, deal-oriented",0.0078847457627118,0.978751275,0.7,1.0,0.9143756375,2,0.9143756375,0.8948702116966019,0.978751275,"Recommended for Engaged Budget Shoppers because it has an average purchase probability of 0.98, an inventory score of 0.70, a segment match score of 1.00, and a raw campaign score of 0.91."
Engaged Budget Shoppers,759807007,Cilla tube top,T-shirt,Garment Upper body,Black,elegant,work_or_outing,Divided,medium,Personalized recommendation,"Deal-focused campaigns, bundle offers, personalized sale alerts",elegant and work_or_outing focused,"value-driven, timely, deal-oriented",0.0075603190428713,0.9761097833333334,0.6999999999999998,1.0,0.9130548916666666,3,0.9130548916666666,0.8931555997493462,0.9761097833333334,"Recommended for Engaged Budget Shoppers because it has an average purchase probability of 0.98, an inventory score of 0.70, a segment match score of 1.00, and a raw campaign score of 0.91."
Engaged Budget Shoppers,864151004,Crabfish triange top,Bikini top,Swimwear,Beige,everyday,vacation,Divided,high,Discount campaign,"Deal-focused campaigns, bundle offers, personalized sale alerts",everyday and vacation focused,"value-driven, timely, deal-oriented",0.0123559322033897,0.7980598,1.0,1.0,0.8990298999999999,1,0.8990298999999999,0.8749481463053054,0.7980598,"Recommended for Engaged Budget Shoppers because it has an average purchase probability of 0.80, an inventory score of 1.00, a segment match score of 1.00, and a raw campaign score of 0.90."
Engaged Budget Shoppers,875239006,Flamingo,Dress,Garment Full body,Off White,elegant,work_or_outing,Ladieswear,high,Discount campaign,"Deal-focused campaigns, bundle offers, personalized sale alerts",elegant and work_or_outing focused,"value-driven, timely, deal-oriented",0.0112824858757061,0.79691035,1.0,1.0,0.898455175,1,0.898455175,0.8742020297350193,0.79691035,"Recommended for Engaged Budget Shoppers because it has an average purchase probability of 0.80, an inventory score of 1.00, a segment match score of 1.00, and a raw campaign score of 0.90."
Engaged Budget Shoppers,571598032,TP NILS basic shorts SB,Shorts,Garment Lower body,Grey,elegant,work_or_outing,Baby/Children,high,Discount campaign,"Deal-focused campaigns, bundle offers, personalized sale alerts",elegant and work_or_outing focused,"value-driven, timely, deal-oriented",0.0073389830508474,0.7952751,1.0,1.0,0.89763755,1,0.89763755,0.8731405767605005,0.7952751,"Recommended for Engaged Budget Shoppers because it has an average purchase probability of 0.80, an inventory score of 1.00, a segment match score of 1.00, and a raw campaign score of 0.90."
Engaged Budget Shoppers,721911002,LOGG Pluto OTS,Top,Garment Upper body,Light Pink,elegant,work_or_outing,Ladieswear,medium,Awareness campaign,"Deal-focused campaigns, bundle offers, personalized sale alerts",elegant and work_or_outing focused,"value-driven, timely, deal-oriented",0.0081186440677966,0.7998432,0.7,1.0,0.8249215999999999,1,0.8249215999999999,0.7787396454992792,0.7998432,"Recommended for Engaged Budget Shoppers because it has an average purchase probability of 0.80, an inventory score of 0.70, a segment match score of 1.00, and a raw campaign score of 0.82."
Engaged Budget Shoppers,668628001,Amy campaign,Blouse,Garment Upper body,White,elegant,work_or_outing,Ladieswear,medium,Awareness campaign,"Deal-focused campaigns, bundle offers, personalized sale alerts",elegant and work_or_outing focused,"value-driven, timely, deal-oriented",0.0108813559322033,0.7998029,0.7,1.0,0.82490145,1,0.82490145,0.7787134864686277,0.7998029,"Recommended for Engaged Budget Shoppers because it has an average purchase probability of 0.80, an inventory score of 0.70, a segment match score of 1.00, and a raw campaign score of 0.82."
Engaged Budget Shoppers,540382005,MIMMI 2-PACK,T-shirt,Garment Upper body,White,elegant,work_or_outing,Baby/Children,medium,Awareness campaign,"Deal-focused campaigns, bundle offers, personalized sale alerts",elegant and work_or_outing focused,"value-driven, timely, deal-oriented",0.0119830508474576,0.79740393,0.7,1.0,0.8237019649999999,1,0.8237019649999999,0.7771562971444991,0.79740393,"Recommended for Engaged Budget Shoppers because it has an average purchase probability of 0.80, an inventory score of 0.70, a segment match score of 1.00, and a raw campaign score of 0.82."
Engaged Budget Shoppers,616101001,Elastic heart top,Bikini top,Swimwear,Black,everyday,vacation,Ladieswear,low,Premium positioning,"Deal-focused campaigns, bundle offers, personalized sale alerts",everyday and vacation focused,"value-driven, timely, deal-oriented",0.0050677966101694,0.98327404,0.3,1.0,0.8166370199999999,1,0.8166370199999999,0.7679844801317349,0.98327404,"Recommended for Engaged Budget Shoppers because it has an average purchase probability of 0.98, an inventory score of 0.30, a segment match score of 1.00, and a raw campaign score of 0.82."
Engaged Budget Shoppers,731608001,Brody V-neck,T-shirt,Garment Upper body,Black,elegant,work_or_outing,Ladieswear,low,Premium positioning,"Deal-focused campaigns, bundle offers, personalized sale alerts",elegant and work_or_outing focused,"value-driven, timely, deal-oriented",0.0082493946731234,0.9823088533333334,0.3,1.0,0.8161544266666666,3,0.8161544266666666,0.7673579702657821,0.9823088533333334,"Recommended for Engaged Budget Shoppers because it has an average purchase probability of 0.98, an inventory score of 0.30, a segment match score of 1.00, and a raw campaign score of 0.82."
Engaged Budget Shoppers,552590001,RAPPERS DELIGHT cheeky brief_,Swimwear bottom,Swimwear,Black,everyday,vacation,Ladieswear,low,Premium positioning,"Deal-focused campaigns, bundle offers, personalized sale alerts",everyday and vacation focused,"value-driven, timely, deal-oriented",0.0042203389830508,0.98200065,0.3,1.0,0.816000325,1,0.816000325,0.7671579131828143,0.98200065,"Recommended for Engaged Budget Shoppers because it has an average purchase probability of 0.98, an inventory score of 0.30, a segment match score of 1.00, and a raw campaign score of 0.82."
Loyal High-Value Customers,780031001,PS FI LEATHER LEGGINGS,Leggings/Tights,Garment Lower body,Black,everyday,daily_wear,Ladieswear,high,Promote aggressively,"VIP rewards, early access, premium recommendations, loyalty campaigns",everyday and daily_wear focused,"exclusive, personalized, rewarding",0.4220338983050847,0.98088247,1.0,1.0,0.990441235,1,0.990441235,0.9936197053213324,0.98088247,"Recommended for Loyal High-Value Customers because it has an average purchase probability of 0.98, an inventory score of 1.00, a segment match score of 1.00, and a raw campaign score of 0.99."
Loyal High-Value Customers,910642001,Italian Carpet coat,Jacket,Garment Upper body,Greenish Khaki,streetwear,daily_wear,Ladieswear,high,Promote aggressively,"VIP rewards, early access, premium recommendations, loyalty campaigns",streetwear and daily_wear focused,"exclusive, personalized, rewarding",0.2272881355932203,0.9702341,1.0,1.0,0.9851170499999999,1,0.9851170499999999,0.9867077689138862,0.9702341,"Recommended for Loyal High-Value Customers because it has an average purchase probability of 0.97, an inventory score of 1.00, a segment match score of 1.00, and a raw campaign score of 0.99."
Loyal High-Value Customers,784273001,Gatito fur coat,Coat,Garment Upper body,Beige,everyday,daily_wear,Ladieswear,high,Promote aggressively,"VIP rewards, early access, premium recommendations, loyalty campaigns",everyday and daily_wear focused,"exclusive, personalized, rewarding",0.1677966101694915,0.96865124,1.0,1.0,0.98432562,1,0.98432562,0.9856803226792148,0.96865124,"Recommended for Loyal High-Value Customers because it has an average purchase probability of 0.97, an inventory score of 1.00, a segment match score of 1.00, and a raw campaign score of 0.98."
Loyal High-Value Customers,787147002,Ceder Coat,Jacket,Garment Upper body,Black,streetwear,daily_wear,Ladieswear,high,Promote aggressively,"VIP rewards, early access, premium recommendations, loyalty campaigns",streetwear and daily_wear focused,"exclusive, personalized, rewarding",0.1555042372881355,0.9686274699999999,1.0,1.0,0.984313735,2,0.984313735,0.9856648933948824,0.9686274699999999,"Recommended for Loyal High-Value Customers because it has an average purchase probability of 0.97, an inventory score of 1.00, a segment match score of 1.00, and a raw campaign score of 0.98."
Loyal High-Value Customers,876342001,Coaster jacket,Jacket,Garment Upper body,Black,streetwear,daily_wear,Ladieswear,high,Promote aggressively,"VIP rewards, early access, premium recommendations, loyalty campaigns",streetwear and daily_wear focused,"exclusive, personalized, rewarding",0.2920127118644067,0.9682363575,1.0,1.0,0.98411817875,4,0.98411817875,0.9854110193533008,0.9682363575,"Recommended for Loyal High-Value Customers because it has an average purchase probability of 0.97, an inventory score of 1.00, a segment match score of 1.00, and a raw campaign score of 0.98."
Loyal High-Value Customers,849361004,Raven blazer,Blazer,Garment Upper body,Light Yellow,elegant,work_or_outing,Ladieswear,high,Deprioritize,"VIP rewards, early access, premium recommendations, loyalty campaigns",elegant and work_or_outing focused,"exclusive, personalized, rewarding",0.0622711864406779,0.8999874,1.0,1.0,0.9499937,1,0.9499937,0.9411101118797169,0.8999874,"Recommended for Loyal High-Value Customers because it has an average purchase probability of 0.90, an inventory score of 1.00, a segment match score of 1.00, and a raw campaign score of 0.95."
Loyal High-Value Customers,788687002,Seashore Dress,Dress,Garment Full body,Light Beige,elegant,work_or_outing,Ladieswear,high,Deprioritize,"VIP rewards, early access, premium recommendations, loyalty campaigns",elegant and work_or_outing focused,"exclusive, personalized, rewarding",0.084228813559322,0.8999025,1.0,1.0,0.94995125,1,0.94995125,0.9410550026563341,0.8999025,"Recommended for Loyal High-Value Customers because it has an average purchase probability of 0.90, an inventory score of 1.00, a segment match score of 1.00, and a raw campaign score of 0.95."
Loyal High-Value Customers,729603002,Pound jacket,Jacket,Garment Upper body,White,streetwear,daily_wear,Ladieswear,high,Deprioritize,"VIP rewards, early access, premium recommendations, loyalty campaigns",streetwear and daily_wear focused,"exclusive, personalized, rewarding",0.084728813559322,0.8998391,1.0,1.0,0.94991955,1,0.94991955,0.9410138492433486,0.8998391,"Recommended for Loyal High-Value Customers because it has an average purchase probability of 0.90, an inventory score of 1.00, a segment match score of 1.00, and a raw campaign score of 0.95."
Loyal High-Value Customers,763323004,Strindberg coat,Coat,Garment Upper body,Black,everyday,daily_wear,Ladieswear,medium,Personalized recommendation,"VIP rewards, early access, premium recommendations, loyalty campaigns",everyday and daily_wear focused,"exclusive, personalized, rewarding",0.2176723163841807,0.96853614,0.6999999999999998,1.0,0.90926807,3,0.90926807,0.8882394913597357,0.96853614,"Recommended for Loyal High-Value Customers because it has an average purchase probability of 0.97, an inventory score of 0.70, a segment match score of 1.00, and a raw campaign score of 0.91."
Loyal High-Value Customers,784279001,Shallow coat,Coat,Garment Upper body,Black,everyday,daily_wear,Ladieswear,medium,Personalized recommendation,"VIP rewards, early access, premium recommendations, loyalty campaigns",everyday and daily_wear focused,"exclusive, personalized, rewarding",0.2525423728813559,0.96723026,0.7,1.0,0.90861513,1,0.90861513,0.8873918349094287,0.96723026,"Recommended for Loyal High-Value Customers because it has an average purchase probability of 0.97, an inventory score of 0.70, a segment match score of 1.00, and a raw campaign score of 0.91."
Loyal High-Value Customers,534181001,Femme (1),Coat,Garment Upper body,Dark Beige,everyday,daily_wear,Ladieswear,medium,Personalized recommendation,"VIP rewards, early access, premium recommendations, loyalty campaigns",everyday and daily_wear focused,"exclusive, personalized, rewarding",0.1423644067796609,0.9664446,0.7,1.0,0.9082223,1,0.9082223,0.8868818571421391,0.9664446,"Recommended for Loyal High-Value Customers because it has an average purchase probability of 0.97, an inventory score of 0.70, a segment match score of 1.00, and a raw campaign score of 0.91."
Loyal High-Value Customers,856551005,Rose skirt,Skirt,Garment Lower body,Dark Red,everyday,daily_wear,Ladieswear,high,Discount campaign,"VIP rewards, early access, premium recommendations, loyalty campaigns",everyday and daily_wear focused,"exclusive, personalized, rewarding",0.0593050847457627,0.79993606,1.0,1.0,0.8999680299999999,1,0.8999680299999999,0.8761660406688403,0.79993606,"Recommended for Loyal High-Value Customers because it has an average purchase probability of 0.80, an inventory score of 1.00, a segment match score of 1.00, and a raw campaign score of 0.90."
Loyal High-Value Customers,738070001,SC JACQUES top,T-shirt,Garment Upper body,Black,elegant,work_or_outing,Ladieswear,high,Discount campaign,"VIP rewards, early access, premium recommendations, loyalty campaigns",elegant and work_or_outing focused,"exclusive, personalized, rewarding",0.0804915254237287,0.79946053,1.0,1.0,0.899730265,1,0.899730265,0.8758573705982255,0.79946053,"Recommended for Loyal High-Value Customers because it has an average purchase probability of 0.80, an inventory score of 1.00, a segment match score of 1.00, and a raw campaign score of 0.90."
Loyal High-Value Customers,579302015,Clarence Push Wireless Farg,Bra,Underwear,Dark Blue,everyday,daily_wear,Ladieswear,high,Discount campaign,"VIP rewards, early access, premium recommendations, loyalty campaigns",everyday and daily_wear focused,"exclusive, personalized, rewarding",0.0320750605326875,0.7992982,1.0,1.0,0.8996491,1,0.8996491,0.8757520009841888,0.7992982,"Recommended for Loyal High-Value Customers because it has an average purchase probability of 0.80, an inventory score of 1.00, a segment match score of 1.00, and a raw campaign score of 0.90."
Loyal High-Value Customers,760857005,Richard cardigan,Cardigan,Garment Upper body,Beige,everyday,daily_wear,Ladieswear,medium,Awareness campaign,"VIP rewards, early access, premium recommendations, loyalty campaigns",everyday and daily_wear focused,"exclusive, personalized, rewarding",0.0496638418079095,0.79970574,0.7,1.0,0.82485287,1,0.82485287,0.7786504191877811,0.79970574,"Recommended for Loyal High-Value Customers because it has an average purchase probability of 0.80, an inventory score of 0.70, a segment match score of 1.00, and a raw campaign score of 0.82."
Loyal High-Value Customers,692586001,Lion Jrsy Coat,Coat,Garment Upper body,Black,everyday,daily_wear,Divided,medium,Awareness campaign,"VIP rewards, early access, premium recommendations, loyalty campaigns",everyday and daily_wear focused,"exclusive, personalized, rewarding",0.0470203389830507,0.7993154,0.7,1.0,0.8246576999999999,1,0.8246576999999999,0.7783970465817125,0.7993154,"Recommended for Loyal High-Value Customers because it has an average purchase probability of 0.80, an inventory score of 0.70, a segment match score of 1.00, and a raw campaign score of 0.82."
Loyal High-Value Customers,599719010,Hudson shorts,Shorts,Garment Lower body,Greenish Khaki,everyday,daily_wear,Ladieswear,medium,Awareness campaign,"VIP rewards, early access, premium recommendations, loyalty campaigns",everyday and daily_wear focused,"exclusive, personalized, rewarding",0.026122033898305,0.7991478,0.7,1.0,0.8245739,1,0.8245739,0.7782882561713598,0.7991478,"Recommended for Loyal High-Value Customers because it has an average purchase probability of 0.80, an inventory score of 0.70, a segment match score of 1.00, and a raw campaign score of 0.82."
Loyal High-Value Customers,897089001,Italian Earring coat,Jacket,Garment Upper body,Black,streetwear,daily_wear,Ladieswear,low,Premium positioning,"VIP rewards, early access, premium recommendations, loyalty campaigns",streetwear and daily_wear focused,"exclusive, personalized, rewarding",0.2381627118644067,0.97111785,0.3,1.0,0.810558925,2,0.810558925,0.7600938065134412,0.97111785,"Recommended for Loyal High-Value Customers because it has an average purchase probability of 0.97, an inventory score of 0.30, a segment match score of 1.00, and a raw campaign score of 0.81."
Loyal High-Value Customers,775970001,PQ CORINNE JKT DOWN,Jacket,Garment Upper body,Green,streetwear,daily_wear,Ladieswear,low,Premium positioning,"VIP rewards, early access, premium recommendations, loyalty campaigns",streetwear and daily_wear focused,"exclusive, personalized, rewarding",0.2143841807909604,0.96490324,0.3,1.0,0.80745162,1,0.80745162,0.7560598567993462,0.96490324,"Recommended for Loyal High-Value Customers because it has an average purchase probability of 0.96, an inventory score of 0.30, a segment match score of 1.00, and a raw campaign score of 0.81."
Loyal High-Value Customers,776753001,D2 PE BABS BLZ,Blazer,Garment Upper body,Black,elegant,daily_wear,Ladieswear,low,Premium positioning,"VIP rewards, early access, premium recommendations, loyalty campaigns",elegant and daily_wear focused,"exclusive, personalized, rewarding",0.2525423728813559,0.9648595,0.3,1.0,0.80742975,1,0.80742975,0.7560314648390308,0.9648595,"Recommended for Loyal High-Value Customers because it has an average purchase probability of 0.96, an inventory score of 0.30, a segment match score of 1.00, and a raw campaign score of 0.81."
High-Value One-Time Buyers,549607001,Annie fur,Jacket,Garment Upper body,Black,streetwear,daily_wear,Ladieswear,high,Promote aggressively,Reactivation campaigns with premium positioning,streetwear and daily_wear focused,"quality, exclusivity, worth coming back for",0.0948983050847457,0.987399,1.0,0.9,0.9686994999999999,1,0.9686994999999999,0.9653942605429214,0.987399,"Recommended for High-Value One-Time Buyers because it has an average purchase probability of 0.99, an inventory score of 1.00, a segment match score of 0.90, and a raw campaign score of 0.97."
High-Value One-Time Buyers,878183001,PU Radiator jacket,Jacket,Garment Upper body,Black,streetwear,daily_wear,Ladieswear,high,Promote aggressively,Reactivation campaigns with premium positioning,streetwear and daily_wear focused,"quality, exclusivity, worth coming back for",0.1016779661016949,0.98731506,1.0,0.9,0.96865753,1,0.96865753,0.9653397744627006,0.98731506,"Recommended for High-Value One-Time Buyers because it has an average purchase probability of 0.99, an inventory score of 1.00, a segment match score of 0.90, and a raw campaign score of 0.97."
High-Value One-Time Buyers,881112001,Shaping Skinny RW,Trousers,Garment Lower body,Black,streetwear,daily_wear,Divided,high,Promote aggressively,Reactivation campaigns with premium positioning,streetwear and daily_wear focused,"quality, exclusivity, worth coming back for",0.084728813559322,0.987049125,1.0,0.9,0.9685245625000001,2,0.9685245625000001,0.9651671540702356,0.987049125,"Recommended for High-Value One-Time Buyers because it has an average purchase probability of 0.99, an inventory score of 1.00, a segment match score of 0.90, and a raw campaign score of 0.97."
High-Value One-Time Buyers,654861001,Martha cashmere jumper,Sweater,Garment Upper body,Dark Blue,everyday,daily_wear,Ladieswear,high,Promote aggressively,Reactivation campaigns with premium positioning,everyday and daily_wear focused,"quality, exclusivity, worth coming back for",0.1677966101694915,0.98679334,1.0,0.9,0.96839667,1,0.96839667,0.9650011221184928,0.98679334,"Recommended for High-Value One-Time Buyers because it has an average purchase probability of 0.99, an inventory score of 1.00, a segment match score of 0.90, and a raw campaign score of 0.97."
High-Value One-Time Buyers,642548002,Siri jumper,Sweater,Garment Upper body,Grey,everyday,daily_wear,Ladieswear,high,Promote aggressively,Reactivation campaigns with premium positioning,everyday and daily_wear focused,"quality, exclusivity, worth coming back for",0.1858474576271186,0.9865674,1.0,0.9,0.9682837,1,0.9682837,0.9648544627789039,0.9865674,"Recommended for High-Value One-Time Buyers because it has an average purchase probability of 0.99, an inventory score of 1.00, a segment match score of 0.90, and a raw campaign score of 0.97."
High-Value One-Time Buyers,704406001,Majken fancy loafer,Flat shoe,Shoes,Yellowish Brown,everyday,daily_wear,Ladieswear,high,Deprioritize,Reactivation campaigns with premium positioning,everyday and daily_wear focused,"quality, exclusivity, worth coming back for",0.0508305084745762,0.899860295,1.0,0.9,0.9249301475,2,0.9249301475,0.9085722340590392,0.899860295,"Recommended for High-Value One-Time Buyers because it has an average purchase probability of 0.90, an inventory score of 1.00, a segment match score of 0.90, and a raw campaign score of 0.92."
High-Value One-Time Buyers,657225001,Calum cableknitsweater,Sweater,Garment Upper body,Light Beige,everyday,daily_wear,Menswear,high,Deprioritize,Reactivation campaigns with premium positioning,everyday and daily_wear focused,"quality, exclusivity, worth coming back for",0.0508305084745762,0.8997121,1.0,0.9,0.9248560499999999,1,0.9248560499999999,0.9084760395789543,0.8997121,"Recommended for High-Value One-Time Buyers because it has an average purchase probability of 0.90, an inventory score of 1.00, a segment match score of 0.90, and a raw campaign score of 0.92."
High-Value One-Time Buyers,822201002,Lolo dress,Dress,Garment Full body,Black,elegant,work_or_outing,Ladieswear,high,Deprioritize,Reactivation campaigns with premium positioning,elegant and work_or_outing focused,"quality, exclusivity, worth coming back for",0.089276836158192,0.8997065,1.0,0.9,0.92485325,1,0.92485325,0.9084724045771764,0.8997065,"Recommended for High-Value One-Time Buyers because it has an average purchase probability of 0.90, an inventory score of 1.00, a segment match score of 0.90, and a raw campaign score of 0.92."
High-Value One-Time Buyers,784279001,Shallow coat,Coat,Garment Upper body,Black,everyday,daily_wear,Ladieswear,medium,Personalized recommendation,Reactivation campaigns with premium positioning,everyday and daily_wear focused,"quality, exclusivity, worth coming back for",0.2525423728813559,0.99005365,0.7,0.9,0.895026825,1,0.895026825,0.8697512946117153,0.99005365,"Recommended for High-Value One-Time Buyers because it has an average purchase probability of 0.99, an inventory score of 0.70, a segment match score of 0.90, and a raw campaign score of 0.90."
High-Value One-Time Buyers,688411001,PE EVA FAKE FUR,Coat,Garment Upper body,Dark Grey,everyday,daily_wear,Ladieswear,medium,Personalized recommendation,Reactivation campaigns with premium positioning,everyday and daily_wear focused,"quality, exclusivity, worth coming back for",0.2525423728813559,0.9895858,0.7,0.9,0.8947929,1,0.8947929,0.8694476096863959,0.9895858,"Recommended for High-Value One-Time Buyers because it has an average purchase probability of 0.99, an inventory score of 0.70, a segment match score of 0.90, and a raw campaign score of 0.89."
High-Value One-Time Buyers,653431001,Dawn fur coat,Coat,Garment Upper body,Off White,elegant,work_or_outing,Ladieswear,medium,Personalized recommendation,Reactivation campaigns with premium positioning,elegant and work_or_outing focused,"quality, exclusivity, worth coming back for",0.1677966101694915,0.9889753,0.7,0.9,0.89448765,1,0.89448765,0.8690513295818592,0.9889753,"Recommended for High-Value One-Time Buyers because it has an average purchase probability of 0.99, an inventory score of 0.70, a segment match score of 0.90, and a raw campaign score of 0.89."
High-Value One-Time Buyers,703028001,Cuba dress,Dress,Garment Full body,Dark Red,elegant,work_or_outing,Divided,high,Discount campaign,Reactivation campaigns with premium positioning,elegant and work_or_outing focused,"quality, exclusivity, worth coming back for",0.0297005649717513,0.7997923,1.0,0.9,0.87489615,1,0.87489615,0.8436173519634108,0.7997923,"Recommended for High-Value One-Time Buyers because it has an average purchase probability of 0.80, an inventory score of 1.00, a segment match score of 0.90, and a raw campaign score of 0.87."
High-Value One-Time Buyers,897098001,New Esme Dress,Dress,Garment Full body,Black,elegant,work_or_outing,Divided,high,Discount campaign,Reactivation campaigns with premium positioning,elegant and work_or_outing focused,"quality, exclusivity, worth coming back for",0.0457457627118643,0.7994401,1.0,0.9,0.87472005,1,0.87472005,0.8433887363158795,0.7994401,"Recommended for High-Value One-Time Buyers because it has an average purchase probability of 0.80, an inventory score of 1.00, a segment match score of 0.90, and a raw campaign score of 0.87."
High-Value One-Time Buyers,551892001,TD small dot,Shirt,Garment Upper body,Black,elegant,work_or_outing,Menswear,high,Discount campaign,Reactivation campaigns with premium positioning,elegant and work_or_outing focused,"quality, exclusivity, worth coming back for",0.0338813559322033,0.7991909,1.0,0.9,0.87459545,1,0.87459545,0.8432269787367632,0.7991909,"Recommended for High-Value One-Time Buyers because it has an average purchase probability of 0.80, an inventory score of 1.00, a segment match score of 0.90, and a raw campaign score of 0.87."
High-Value One-Time Buyers,649445004,Elena heeled boot,Boots,Shoes,Black,everyday,daily_wear,Divided,medium,Awareness campaign,Reactivation campaigns with premium positioning,everyday and daily_wear focused,"quality, exclusivity, worth coming back for",0.0508305084745762,0.7993593,0.7,0.9,0.79967965,1,0.79967965,0.7459701693822901,0.7993593,"Recommended for High-Value One-Time Buyers because it has an average purchase probability of 0.80, an inventory score of 0.70, a segment match score of 0.90, and a raw campaign score of 0.80."
High-Value One-Time Buyers,868734001,Grad Lula Offshoulder,Dress,Garment Full body,White,elegant,work_or_outing,Divided,medium,Awareness campaign,Reactivation campaigns with premium positioning,elegant and work_or_outing focused,"quality, exclusivity, worth coming back for",0.0356464891041162,0.7993179,0.7,0.9,0.79965895,1,0.79965895,0.745943296333432,0.7993179,"Recommended for High-Value One-Time Buyers because it has an average purchase probability of 0.80, an inventory score of 0.70, a segment match score of 0.90, and a raw campaign score of 0.80."
High-Value One-Time Buyers,783652001,Sylvia boot,Bootie,Shoes,Black,everyday,daily_wear,Ladieswear,medium,Awareness campaign,Reactivation campaigns with premium positioning,everyday and daily_wear focused,"quality, exclusivity, worth coming back for",0.0762542372881355,0.799198,0.7,0.9,0.799599,1,0.799599,0.7458654683489374,0.799198,"Recommended for High-Value One-Time Buyers because it has an average purchase probability of 0.80, an inventory score of 0.70, a segment match score of 0.90, and a raw campaign score of 0.80."
High-Value One-Time Buyers,853928001,PQ MARITA JACKET WOOL/CASH,Coat,Garment Upper body,Black,streetwear,daily_wear,Ladieswear,low,Premium positioning,Reactivation campaigns with premium positioning,streetwear and daily_wear focused,"quality, exclusivity, worth coming back for",0.2186440677966101,0.98901397,0.3,0.9,0.7945069849999999,1,0.7945069849999999,0.7392549384996251,0.98901397,"Recommended for High-Value One-Time Buyers because it has an average purchase probability of 0.99, an inventory score of 0.30, a segment match score of 0.90, and a raw campaign score of 0.79."
High-Value One-Time Buyers,784272001,Freddy fur coat,Coat,Garment Upper body,Dark Green,everyday,daily_wear,Ladieswear,low,Premium positioning,Reactivation campaigns with premium positioning,everyday and daily_wear focused,"quality, exclusivity, worth coming back for",0.101002421307506,0.9883619,0.3,0.9,0.79418095,1,0.79418095,0.7388316749979621,0.9883619,"Recommended for High-Value One-Time Buyers because it has an average purchase probability of 0.99, an inventory score of 0.30, a segment match score of 0.90, and a raw campaign score of 0.79."
High-Value One-Time Buyers,629095001,Stella jumper,Sweater,Garment Upper body,Black,everyday,daily_wear,Ladieswear,low,Premium positioning,Reactivation campaigns with premium positioning,everyday and daily_wear focused,"quality, exclusivity, worth coming back for",0.1357457627118644,0.9879457,0.3,0.9,0.79397285,1,0.79397285,0.7385615164729691,0.9879457,"Recommended for High-Value One-Time Buyers because it has an average purchase probability of 0.99, an inventory score of 0.30, a segment match score of 0.90, and a raw campaign score of 0.79."
Regular Shoppers,560783011,Polly pencil case,Bag,Accessories,Light Pink,everyday,daily_wear,Divided,high,Promote aggressively,"Cross-sell recommendations, seasonal edits, everyday outfit suggestions",everyday and daily_wear focused,"easy, relevant, everyday style",0.0027401129943502,0.97036463,1.0,0.75,0.922682315,1,0.922682315,0.9056540643683559,0.97036463,"Recommended for Regular Shoppers because it has an average purchase probability of 0.97, an inventory score of 1.00, a segment match score of 0.75, and a raw campaign score of 0.92."
Regular Shoppers,698387016,&DENIM Skinny Shaping HW,Trousers,Garment Lower body,Dark Grey,streetwear,daily_wear,Ladieswear,high,Promote aggressively,"Cross-sell recommendations, seasonal edits, everyday outfit suggestions",streetwear and daily_wear focused,"easy, relevant, everyday style",0.081186440677966,0.96743625,1.0,0.75,0.921218125,1,0.921218125,0.9037532310636496,0.96743625,"Recommended for Regular Shoppers because it has an average purchase probability of 0.97, an inventory score of 1.00, a segment match score of 0.75, and a raw campaign score of 0.92."
Regular Shoppers,909014001,Stringer coat,Jacket,Garment Upper body,Black,streetwear,daily_wear,Ladieswear,high,Promote aggressively,"Cross-sell recommendations, seasonal edits, everyday outfit suggestions",streetwear and daily_wear focused,"easy, relevant, everyday style",0.1168018252933506,0.9627942,1.0,0.75,0.9188971,1,0.9188971,0.9007400417773846,0.9627942,"Recommended for Regular Shoppers because it has an average purchase probability of 0.96, an inventory score of 1.00, a segment match score of 0.75, and a raw campaign score of 0.92."
Regular Shoppers,790006001,L Lilo Pile Coat,Jacket,Garment Upper body,Black,streetwear,daily_wear,Ladieswear,high,Promote aggressively,"Cross-sell recommendations, seasonal edits, everyday outfit suggestions",streetwear and daily_wear focused,"easy, relevant, everyday style",0.11220748100526,0.9610860375,1.0,0.75,0.9180430187499999,4,0.9180430187499999,0.8996312607551639,0.9610860375,"Recommended for Regular Shoppers because it has an average purchase probability of 0.96, an inventory score of 1.00, a segment match score of 0.75, and a raw campaign score of 0.92."
Regular Shoppers,534181005,Femme (1),Coat,Garment Upper body,Light Beige,everyday,daily_wear,Ladieswear,high,Promote aggressively,"Cross-sell recommendations, seasonal edits, everyday outfit suggestions",everyday and daily_wear focused,"easy, relevant, everyday style",0.1245762711864406,0.9608666,1.0,0.75,0.9179333000000001,1,0.9179333000000001,0.8994888222368359,0.9608666,"Recommended for Regular Shoppers because it has an average purchase probability of 0.96, an inventory score of 1.00, a segment match score of 0.75, and a raw campaign score of 0.92."
Regular Shoppers,879166005,Debra,Skirt,Garment Lower body,Off White,everyday,daily_wear,Ladieswear,high,Deprioritize,"Cross-sell recommendations, seasonal edits, everyday outfit suggestions",everyday and daily_wear focused,"easy, relevant, everyday style",0.054472693032015,0.8997825,1.0,0.75,0.8873912500000001,1,0.8873912500000001,0.8598386772187653,0.8997825,"Recommended for Regular Shoppers because it has an average purchase probability of 0.90, an inventory score of 1.00, a segment match score of 0.75, and a raw campaign score of 0.89."
Regular Shoppers,777036004,Roundabout skirt,Skirt,Garment Lower body,Black,everyday,daily_wear,Ladieswear,high,Deprioritize,"Cross-sell recommendations, seasonal edits, everyday outfit suggestions",everyday and daily_wear focused,"easy, relevant, everyday style",0.0840042372881355,0.8997049,1.0,0.75,0.8873524500000001,1,0.8873524500000001,0.859788306479843,0.8997049,"Recommended for Regular Shoppers because it has an average purchase probability of 0.90, an inventory score of 1.00, a segment match score of 0.75, and a raw campaign score of 0.89."
Regular Shoppers,794535001,Linn Offshoulder Dress,Dress,Garment Full body,Black,elegant,work_or_outing,Divided,high,Deprioritize,"Cross-sell recommendations, seasonal edits, everyday outfit suggestions",elegant and work_or_outing focused,"easy, relevant, everyday style",0.0147149460708782,0.8992475,1.0,0.75,0.88712375,1,0.88712375,0.859491404727484,0.8992475,"Recommended for Regular Shoppers because it has an average purchase probability of 0.90, an inventory score of 1.00, a segment match score of 0.75, and a raw campaign score of 0.89."
Regular Shoppers,368038011,Biq Square Claw,Hair clip,Accessories,Light Orange,everyday,daily_wear,Ladieswear,medium,Personalized recommendation,"Cross-sell recommendations, seasonal edits, everyday outfit suggestions",everyday and daily_wear focused,"easy, relevant, everyday style",0.0017254237288135,0.9691878,0.7,0.75,0.8470939,1,0.8470939,0.8075240561850116,0.9691878,"Recommended for Regular Shoppers because it has an average purchase probability of 0.97, an inventory score of 0.70, a segment match score of 0.75, and a raw campaign score of 0.85."
Regular Shoppers,708714003,Moa,Coat,Garment Upper body,Dark Blue,everyday,daily_wear,Ladieswear,medium,Personalized recommendation,"Cross-sell recommendations, seasonal edits, everyday outfit suggestions",everyday and daily_wear focused,"easy, relevant, everyday style",0.1186271186440677,0.9622952,0.7,0.75,0.8436475999999999,1,0.8436475999999999,0.8030500181038815,0.9622952,"Recommended for Regular Shoppers because it has an average purchase probability of 0.96, an inventory score of 0.70, a segment match score of 0.75, and a raw campaign score of 0.84."
Regular Shoppers,508903014,Honey raw cut tee,T-shirt,Garment Upper body,Black,elegant,work_or_outing,Divided,medium,Personalized recommendation,"Cross-sell recommendations, seasonal edits, everyday outfit suggestions",elegant and work_or_outing focused,"easy, relevant, everyday style",0.0063107344632767,0.9601544,0.7,0.75,0.8425772,1,0.8425772,0.8016604088527887,0.9601544,"Recommended for Regular Shoppers because it has an average purchase probability of 0.96, an inventory score of 0.70, a segment match score of 0.75, and a raw campaign score of 0.84."
Regular Shoppers,603575001,Amber slacks flockprint,Trousers,Garment Lower body,Dark Blue,everyday,daily_wear,Ladieswear,high,Discount campaign,"Cross-sell recommendations, seasonal edits, everyday outfit suggestions",everyday and daily_wear focused,"easy, relevant, everyday style",0.0178135593220339,0.79921013,1.0,0.75,0.837105065,1,0.837105065,0.7945564015478285,0.79921013,"Recommended for Regular Shoppers because it has an average purchase probability of 0.80, an inventory score of 1.00, a segment match score of 0.75, and a raw campaign score of 0.84."
Regular Shoppers,625316006,GOSSIP loose tank conscious,Vest top,Garment Upper body,Dark Purple,sporty,workout,Sport,high,Discount campaign,"Cross-sell recommendations, seasonal edits, everyday outfit suggestions",sporty and workout focused,"easy, relevant, everyday style",0.0151694915254237,0.7989895499999999,1.0,0.75,0.836994775,2,0.836994775,0.7944132214242269,0.7989895499999999,"Recommended for Regular Shoppers because it has an average purchase probability of 0.80, an inventory score of 1.00, a segment match score of 0.75, and a raw campaign score of 0.84."
Regular Shoppers,621248001,Let's Go Top,Top,Garment Upper body,Black,elegant,work_or_outing,Ladieswear,high,Discount campaign,"Cross-sell recommendations, seasonal edits, everyday outfit suggestions",elegant and work_or_outing focused,"easy, relevant, everyday style",0.0677796610169491,0.7989446,1.0,0.75,0.8369723,1,0.8369723,0.7943840440438847,0.7989446,"Recommended for Regular Shoppers because it has an average purchase probability of 0.80, an inventory score of 1.00, a segment match score of 0.75, and a raw campaign score of 0.84."
Regular Shoppers,803582001,Galaxy,Dress,Garment Full body,Red,elegant,work_or_outing,Ladieswear,medium,Awareness campaign,"Cross-sell recommendations, seasonal edits, everyday outfit suggestions",elegant and work_or_outing focused,"easy, relevant, everyday style",0.0542033898305084,0.7999993,0.7,0.75,0.76249965,1,0.76249965,0.6977025386315098,0.7999993,"Recommended for Regular Shoppers because it has an average purchase probability of 0.80, an inventory score of 0.70, a segment match score of 0.75, and a raw campaign score of 0.76."
Regular Shoppers,661656003,HW EARRING pack,Other accessories,Accessories,Gold,everyday,daily_wear,Divided,medium,Awareness campaign,"Cross-sell recommendations, seasonal edits, everyday outfit suggestions",everyday and daily_wear focused,"easy, relevant, everyday style",0.0049830508474575,0.79959387,0.7,0.75,0.762296935,1,0.762296935,0.6974393709938647,0.79959387,"Recommended for Regular Shoppers because it has an average purchase probability of 0.80, an inventory score of 0.70, a segment match score of 0.75, and a raw campaign score of 0.76."
Regular Shoppers,628924003,CHLOE,Blouse,Garment Upper body,Yellow,elegant,work_or_outing,Divided,medium,Awareness campaign,"Cross-sell recommendations, seasonal edits, everyday outfit suggestions",elegant and work_or_outing focused,"easy, relevant, everyday style",0.020322033898305,0.79904145,0.7,0.75,0.762020725,1,0.762020725,0.6970807910506244,0.79904145,"Recommended for Regular Shoppers because it has an average purchase probability of 0.80, an inventory score of 0.70, a segment match score of 0.75, and a raw campaign score of 0.76."
Regular Shoppers,762656010,Small basic scrunchie,Hair string,Accessories,Off White,everyday,daily_wear,Ladieswear,low,Premium positioning,"Cross-sell recommendations, seasonal edits, everyday outfit suggestions",everyday and daily_wear focused,"easy, relevant, everyday style",0.0031559322033897,0.9773142,0.3,0.75,0.7511571,1,0.7511571,0.6829774709829821,0.9773142,"Recommended for Regular Shoppers because it has an average purchase probability of 0.98, an inventory score of 0.30, a segment match score of 0.75, and a raw campaign score of 0.75."
Regular Shoppers,511803008,Messi scarf,Scarf,Accessories,Pink,everyday,daily_wear,Ladieswear,low,Premium positioning,"Cross-sell recommendations, seasonal edits, everyday outfit suggestions",everyday and daily_wear focused,"easy, relevant, everyday style",0.003207627118644,0.97247374,0.3,0.75,0.74873687,1,0.74873687,0.6798354922855113,0.97247374,"Recommended for Regular Shoppers because it has an average purchase probability of 0.97, an inventory score of 0.30, a segment match score of 0.75, and a raw campaign score of 0.75."
Regular Shoppers,712407001,PC Time blazer,Blazer,Garment Upper body,Black,elegant,work_or_outing,Ladieswear,low,Premium positioning,"Cross-sell recommendations, seasonal edits, everyday outfit suggestions",elegant and work_or_outing focused,"easy, relevant, everyday style",0.0608305084745762,0.9601231,0.3,0.75,0.74256155,1,0.74256155,0.6718185997215547,0.9601231,"Recommended for Regular Shoppers because it has an average purchase probability of 0.96, an inventory score of 0.30, a segment match score of 0.75, and a raw campaign score of 0.74."
